管理ID（触らないでください）,フェーズ・分類,どういう時のセリフか（場面・条件）,話者・種類,現在のセリフ（見本 ※「 ／ 」は吹き出しの区切り）,★修正後のセリフ（直したい行だけここに入力）,現在の表情・演出（参考）,★演出メモ（表情などを変えたい時だけ入力）
PROLOGUE_LINES[0],1. プロローグ・OP,プロローグ導入（1段落目）,地の文（モノローグ）,「ルーク」がタタル渓谷へ帰ってきてから、1年が経った。,,黒背景・白文字,
PROLOGUE_LINES[1],1. プロローグ・OP,プロローグ導入（2段落目）,地の文（モノローグ）,ディストの研究所の近くで偶然見つけ、逃げ出そうとしたところを捕まえて部屋へ連れ込んだのは――昔の、まだ攫われる前の10歳の姿をしたアッシュだった。,,黒背景・白文字,
PROLOGUE_LINES[2],1. プロローグ・OP,プロローグ導入（3段落目）,地の文（モノローグ）,だが、そいつは俺の顔を見ても知らないふりをして、『俺は自律機械タルロウAだ』と言い張り続けている。,,黒背景・白文字,
OPENING_ASCH_TEXT,1. プロローグ・OP,Phase 0 オープニング：部屋に連れ込んだ直後の第一声,アッシュの返答,離せ。俺は『アッシュ』なんかじゃない、ディストが造った自律機械『タルロウA』だ。 ／ おまえが誰かは知らんが、用がないならさっさと研究所へ戻せ。,,表情:通常,
p1_luke_model::thoughtText,2. Phase1 カマかけ質問,Phase1 質問1「その姿は『ルーク』がモデルの機体かとカマをかける」 ＞ 質問選択ボタン,選択肢ラベル,その姿は『ルーク』がモデルの機体かとカマをかける,,,
p1_luke_model::spokenText,2. Phase1 カマかけ質問,Phase1 質問1「その姿は『ルーク』がモデルの機体かとカマをかける」 ＞ 質問した時のガイのセリフ,ガイのセリフ,その姿、『ルーク』にそっくりだな。ディストの奴、ルークをモデルにその機体を作ったのか？,,,
p1_luke_model::aschText,2. Phase1 カマかけ質問,Phase1 質問1「その姿は『ルーク』がモデルの機体かとカマをかける」 ＞ 通常時（ボロが出ない時）のアッシュの返答,アッシュの返答（通常）,知らん。俺は以前の機体が壊れたから、研究所にあった予備機体を仮で使っているだけだ。,,表情:通常 (眉:通常 / 目:通常 / 口:閉じ),
p1_luke_model::shortLabel,2. Phase1 カマかけ質問,Phase1 質問1「その姿は『ルーク』がモデルの機体かとカマをかける」 ＞ ボロ指摘フェーズの一覧に表示される短い質問名,推理選択ラベル,『ルーク』をモデルに機体を作ったのかと聞いたとき,,,
p1_luke_model::slip[REWRITE]::slipPrefixText,2. Phase1 カマかけ質問,Phase1 質問1「その姿は『ルーク』がモデルの機体かとカマをかける」 ＞ ボロ演出：2枠言い直し（1枠目：思わず漏れた本音）,アッシュ（ボロ1枠目）,ふざけるな、これは俺の・・・・・・ッ！,,,
p1_luke_model::slip[REWRITE]::slipCorrectedText,2. Phase1 カマかけ質問,Phase1 質問1「その姿は『ルーク』がモデルの機体かとカマをかける」 ＞ ボロ演出：2枠言い直し（2枠目：慌てて訂正した言葉）,アッシュ（ボロ2枠目）,・・・・・・研究所にあった予備機体を仮で使っているだけだ。,,,
p1_luke_model::slip[REWRITE]::guyPointOutSpoken,2. Phase1 カマかけ質問,Phase1 質問1「その姿は『ルーク』がモデルの機体かとカマをかける」 ＞ ボロ指摘フェーズで「ボロ演出：2枠言い直し」を当てた時のガイの追及セリフ,ガイ（ボロ追及セリフ）,さっき「ルークをモデルに作ったのか」って聞いたとき、「ふざけるな、これは俺の――」って口を滑らせたよな。 ／ ただの機械が、なんでこの機体を「俺の」なんて言うんだ？,,,
p1_luke_model::slip[REWRITE]::terminalRecordSummary,2. Phase1 カマかけ質問,Phase1 質問1「その姿は『ルーク』がモデルの機体かとカマをかける」 ＞ ボロ演出：2枠言い直し発生時に端末INFO（情動反応）へ自動記録される分析カルテ本文,端末INFO本文（情動反応）,機体モデルの質問時、「ふざけるな、これは俺の」と自己同一性を示す未フィルタ音声を検出し、直後に訂正。自己防衛衝動を検知。,,,
p1_luke_model::slip[PRE_FACE]::guyPointOutSpoken,2. Phase1 カマかけ質問,Phase1 質問1「その姿は『ルーク』がモデルの機体かとカマをかける」 ＞ ボロ指摘フェーズで「ボロ演出：返答前0.7秒の表情揺らぎ」を当てた時のガイの追及セリフ,ガイ（ボロ追及セリフ）,さっき「ルークをモデルに作ったのか」って聞いた瞬間、答える前にすごく忌々しそうに俺を睨んだよな。 ／ ただの機械が、ルークの複製扱いされたくらいでなんでそんなにムキになるんだ？,,0.7秒揺らぎ:(眉:怒り / 目:睨み / 口:食いしばり),
p1_luke_model::slip[PRE_FACE]::terminalRecordSummary,2. Phase1 カマかけ質問,Phase1 質問1「その姿は『ルーク』がモデルの機体かとカマをかける」 ＞ ボロ演出：返答前0.7秒の表情揺らぎ発生時に端末INFO（情動反応）へ自動記録される分析カルテ本文,端末INFO本文（情動反応）,機体モデルの質問直後、発話前の0.7秒間に強い反発・憤慨を示す表情筋反応と情動波形スパイクを検出。,,,
p1_dist_loyalty::thoughtText,2. Phase1 カマかけ質問,Phase1 質問2「タルロウXのようにディストを尊敬しているか挑発する」 ＞ 質問選択ボタン,選択肢ラベル,タルロウXのようにディストを尊敬しているか挑発する,,,
p1_dist_loyalty::spokenText,2. Phase1 カマかけ質問,Phase1 質問2「タルロウXのようにディストを尊敬しているか挑発する」 ＞ 質問した時のガイのセリフ,ガイのセリフ,タルロウXはディストを崇拝してたよな。おまえもやっぱりディストを尊敬してるのか？,,,
p1_dist_loyalty::aschText,2. Phase1 カマかけ質問,Phase1 質問2「タルロウXのようにディストを尊敬しているか挑発する」 ＞ 通常時（ボロが出ない時）のアッシュの返答,アッシュの返答（通常）,ディストは俺の管理者だ。それ以上でも以下でもない。,,表情:通常 (眉:通常 / 目:通常 / 口:閉じ),
p1_dist_loyalty::shortLabel,2. Phase1 カマかけ質問,Phase1 質問2「タルロウXのようにディストを尊敬しているか挑発する」 ＞ ボロ指摘フェーズの一覧に表示される短い質問名,推理選択ラベル,ディストを尊敬しているのかと聞いたとき,,,
p1_dist_loyalty::slip[REWRITE]::slipPrefixText,2. Phase1 カマかけ質問,Phase1 質問2「タルロウXのようにディストを尊敬しているか挑発する」 ＞ ボロ演出：2枠言い直し（1枠目：思わず漏れた本音）,アッシュ（ボロ1枠目）,誰があの変態を・・・・・・ッ！,,,
p1_dist_loyalty::slip[REWRITE]::slipCorrectedText,2. Phase1 カマかけ質問,Phase1 質問2「タルロウXのようにディストを尊敬しているか挑発する」 ＞ ボロ演出：2枠言い直し（2枠目：慌てて訂正した言葉）,アッシュ（ボロ2枠目）,・・・・・・ディストは俺の管理者だ。それ以上でも以下でもない。,,,
p1_dist_loyalty::slip[REWRITE]::guyPointOutSpoken,2. Phase1 カマかけ質問,Phase1 質問2「タルロウXのようにディストを尊敬しているか挑発する」 ＞ ボロ指摘フェーズで「ボロ演出：2枠言い直し」を当てた時のガイの追及セリフ,ガイ（ボロ追及セリフ）,さっきディストを尊敬してるのかって聞いたとき、「誰があの変態を」って口走ってから「管理者だ」って言い直したよな。 ／ 造物主のことを「あの変態」なんて呼ぶ機械がいるかよ。,,,
p1_dist_loyalty::slip[REWRITE]::terminalRecordSummary,2. Phase1 カマかけ質問,Phase1 質問2「タルロウXのようにディストを尊敬しているか挑発する」 ＞ ボロ演出：2枠言い直し発生時に端末INFO（情動反応）へ自動記録される分析カルテ本文,端末INFO本文（情動反応）,管理者（ディスト）への忠誠確認時、「誰があの変態を」という強い個人的嫌悪語を検出。忠誠心は皆無であり、強い感情反発を記録。,,,
p1_dist_loyalty::slip[PRE_FACE]::guyPointOutSpoken,2. Phase1 カマかけ質問,Phase1 質問2「タルロウXのようにディストを尊敬しているか挑発する」 ＞ ボロ指摘フェーズで「ボロ演出：返答前0.7秒の表情揺らぎ」を当てた時のガイの追及セリフ,ガイ（ボロ追及セリフ）,さっきディストを尊敬してるのかって聞いた瞬間、答える前に虫唾が走るみたいな嫌そうな顔をして目を逸らしたよな。 ／ 忠実な後継機が、造物主の名前でそんな顔をするわけないだろ。,,0.7秒揺らぎ:(眉:苦悶 / 目:逸らし / 口:への字),
p1_dist_loyalty::slip[PRE_FACE]::terminalRecordSummary,2. Phase1 カマかけ質問,Phase1 質問2「タルロウXのようにディストを尊敬しているか挑発する」 ＞ ボロ演出：返答前0.7秒の表情揺らぎ発生時に端末INFO（情動反応）へ自動記録される分析カルテ本文,端末INFO本文（情動反応）,管理者（ディスト）への忠誠確認直後、発話前の0.7秒間に強い嫌悪を示す表情変化と情動スパイクを検出。,,,
p1_touch_shoulder::thoughtText,2. Phase1 カマかけ質問,Phase1 質問3「不意打ちで頭に手を伸ばしてみる」 ＞ 質問選択ボタン,選択肢ラベル,不意打ちで頭に手を伸ばしてみる,,,
p1_touch_shoulder::spokenText,2. Phase1 カマかけ質問,Phase1 質問3「不意打ちで頭に手を伸ばしてみる」 ＞ 質問した時のガイのセリフ,ガイのセリフ,おい、ちょっとじっとしてろよ。（頭に手を伸ばす）,,,
p1_touch_shoulder::aschText,2. Phase1 カマかけ質問,Phase1 質問3「不意打ちで頭に手を伸ばしてみる」 ＞ 通常時（ボロが出ない時）のアッシュの返答,アッシュの返答（通常）,不要な接触はやめろ。機体のセンサーに障る。,,表情:通常 (眉:通常 / 目:睨み / 口:閉じ),
p1_touch_shoulder::shortLabel,2. Phase1 カマかけ質問,Phase1 質問3「不意打ちで頭に手を伸ばしてみる」 ＞ ボロ指摘フェーズの一覧に表示される短い質問名,推理選択ラベル,不意打ちで頭に手を伸ばしたとき,,,
p1_touch_shoulder::slip[REWRITE]::slipPrefixText,2. Phase1 カマかけ質問,Phase1 質問3「不意打ちで頭に手を伸ばしてみる」 ＞ ボロ演出：2枠言い直し（1枠目：思わず漏れた本音）,アッシュ（ボロ1枠目）,なっ、ガイッ！？,,,
p1_touch_shoulder::slip[REWRITE]::slipCorrectedText,2. Phase1 カマかけ質問,Phase1 質問3「不意打ちで頭に手を伸ばしてみる」 ＞ ボロ演出：2枠言い直し（2枠目：慌てて訂正した言葉）,アッシュ（ボロ2枠目）,・・・・・・ガ、ガキ扱いするな！,,,
p1_touch_shoulder::slip[REWRITE]::guyPointOutSpoken,2. Phase1 カマかけ質問,Phase1 質問3「不意打ちで頭に手を伸ばしてみる」 ＞ ボロ指摘フェーズで「ボロ演出：2枠言い直し」を当てた時のガイの追及セリフ,ガイ（ボロ追及セリフ）,さっき頭に手を伸ばしたとき、咄嗟に「なっ、ガイッ！？」って俺の名前を呼んだよな。 ／ 「おまえなんか知らない」って言ってたのに、なんで俺の名前が出るんだ？,,,
p1_touch_shoulder::slip[REWRITE]::terminalRecordSummary,2. Phase1 カマかけ質問,Phase1 質問3「不意打ちで頭に手を伸ばしてみる」 ＞ ボロ演出：2枠言い直し発生時に端末INFO（情動反応）へ自動記録される分析カルテ本文,端末INFO本文（情動反応）,頭部への接触動作時、反射的に「なっ、ガイッ！？」と相手の個体名を呼称。条件反射的な親密性と元体記憶の表層化を検出。,,,
p1_galdios_sword::thoughtText,2. Phase1 カマかけ質問,Phase1 質問4「壁際の『宝刀ガルディオス』を覚えているか聞いてみる」 ＞ 質問選択ボタン,選択肢ラベル,壁際の『宝刀ガルディオス』を覚えているか聞いてみる,,,
p1_galdios_sword::spokenText,2. Phase1 カマかけ質問,Phase1 質問4「壁際の『宝刀ガルディオス』を覚えているか聞いてみる」 ＞ 質問した時のガイのセリフ,ガイのセリフ,壁際に立てかけてあるこの『宝刀ガルディオス』、見覚えがあるんじゃないか？,,,
p1_galdios_sword::aschText,2. Phase1 カマかけ質問,Phase1 質問4「壁際の『宝刀ガルディオス』を覚えているか聞いてみる」 ＞ 通常時（ボロが出ない時）のアッシュの返答,アッシュの返答（通常）,その剣がなんだろうと俺には関係ない。,,表情:通常 (眉:通常 / 目:通常 / 口:閉じ),
p1_galdios_sword::shortLabel,2. Phase1 カマかけ質問,Phase1 質問4「壁際の『宝刀ガルディオス』を覚えているか聞いてみる」 ＞ ボロ指摘フェーズの一覧に表示される短い質問名,推理選択ラベル,『宝刀ガルディオス』について聞いたとき,,,
p1_galdios_sword::slip[REWRITE]::slipPrefixText,2. Phase1 カマかけ質問,Phase1 質問4「壁際の『宝刀ガルディオス』を覚えているか聞いてみる」 ＞ ボロ演出：2枠言い直し（1枠目：思わず漏れた本音）,アッシュ（ボロ1枠目）,そうか、おまえの手に戻ったんだな・・・・・・。,,,
p1_galdios_sword::slip[REWRITE]::slipCorrectedText,2. Phase1 カマかけ質問,Phase1 質問4「壁際の『宝刀ガルディオス』を覚えているか聞いてみる」 ＞ ボロ演出：2枠言い直し（2枠目：慌てて訂正した言葉）,アッシュ（ボロ2枠目）,・・・・・・いや、その剣がなんだろうと俺には関係ない。,,,
p1_galdios_sword::slip[REWRITE]::guyPointOutSpoken,2. Phase1 カマかけ質問,Phase1 質問4「壁際の『宝刀ガルディオス』を覚えているか聞いてみる」 ＞ ボロ指摘フェーズで「ボロ演出：2枠言い直し」を当てた時のガイの追及セリフ,ガイ（ボロ追及セリフ）,さっき宝刀ガルディオスを覚えているか聞いたとき、「そうか、おまえの手に戻ったんだな」って安心したように漏らしたよな。 ／ 初対面の機械が、俺の家の刀の事情を知ってるわけがないだろ。,,,
p1_galdios_sword::slip[REWRITE]::terminalRecordSummary,2. Phase1 カマかけ質問,Phase1 質問4「壁際の『宝刀ガルディオス』を覚えているか聞いてみる」 ＞ ボロ演出：2枠言い直し発生時に端末INFO（情動反応）へ自動記録される分析カルテ本文,端末INFO本文（情動反応）,『宝刀ガルディオス』を視認した際、「そうか、おまえの手に戻ったんだな」と個人的安堵を示す音声を検出。所有権回復への安堵と懐旧を記録。,,,
p1_natalia_rumor::thoughtText,2. Phase1 カマかけ質問,Phase1 質問5「ナタリアがルークと婚約して幸せそうだったと振る」 ＞ 質問選択ボタン,選択肢ラベル,ナタリアがルークと婚約して幸せそうだったと振る,,,
p1_natalia_rumor::spokenText,2. Phase1 カマかけ質問,Phase1 質問5「ナタリアがルークと婚約して幸せそうだったと振る」 ＞ 質問した時のガイのセリフ,ガイのセリフ,最近バチカルに行ったんだが、ナタリアが『ルークと婚約して本当に良かった』って幸せそうに笑ってたぞ。,,,
p1_natalia_rumor::aschText,2. Phase1 カマかけ質問,Phase1 質問5「ナタリアがルークと婚約して幸せそうだったと振る」 ＞ 通常時（ボロが出ない時）のアッシュの返答,アッシュの返答（通常）,知らん。他国の王族の話など、俺には何の関係もないことだ。,,表情:通常 (眉:通常 / 目:通常 / 口:閉じ),
p1_natalia_rumor::shortLabel,2. Phase1 カマかけ質問,Phase1 質問5「ナタリアがルークと婚約して幸せそうだったと振る」 ＞ ボロ指摘フェーズの一覧に表示される短い質問名,推理選択ラベル,ナタリアの話を振ったとき,,,
p1_natalia_rumor::slip[REWRITE]::slipPrefixText,2. Phase1 カマかけ質問,Phase1 質問5「ナタリアがルークと婚約して幸せそうだったと振る」 ＞ ボロ演出：2枠言い直し（1枠目：思わず漏れた本音）,アッシュ（ボロ1枠目）,そうか・・・・・・あいつが幸せなら・・・・・・。,,,
p1_natalia_rumor::slip[REWRITE]::slipCorrectedText,2. Phase1 カマかけ質問,Phase1 質問5「ナタリアがルークと婚約して幸せそうだったと振る」 ＞ ボロ演出：2枠言い直し（2枠目：慌てて訂正した言葉）,アッシュ（ボロ2枠目）,・・・・・・知らん。他国の王族の話など、俺には何の関係もないことだ。,,,
p1_natalia_rumor::slip[REWRITE]::guyPointOutSpoken,2. Phase1 カマかけ質問,Phase1 質問5「ナタリアがルークと婚約して幸せそうだったと振る」 ＞ ボロ指摘フェーズで「ボロ演出：2枠言い直し」を当てた時のガイの追及セリフ,ガイ（ボロ追及セリフ）,さっきナタリアが幸せそうに笑ってたって話したとき、「知らん」って突き放す前に「そうか、あいつが幸せなら」って漏らしたよな。 ／ あれはどう見ても、あいつの幸せを願ってた人間の反応だったぞ。,,,
p1_natalia_rumor::slip[REWRITE]::terminalRecordSummary,2. Phase1 カマかけ質問,Phase1 質問5「ナタリアがルークと婚約して幸せそうだったと振る」 ＞ ボロ演出：2枠言い直し発生時に端末INFO（情動反応）へ自動記録される分析カルテ本文,端末INFO本文（情動反応）,ナタリアに関する話題提示時、「そうか、あいつが幸せなら」という強い情愛を含む応答を検出。直後に無関心文へ上書きを試みるも動揺を検知。,,,
p1_natalia_rumor::slip[PRE_FACE]::guyPointOutSpoken,2. Phase1 カマかけ質問,Phase1 質問5「ナタリアがルークと婚約して幸せそうだったと振る」 ＞ ボロ指摘フェーズで「ボロ演出：返答前0.7秒の表情揺らぎ」を当てた時のガイの追及セリフ,ガイ（ボロ追及セリフ）,さっきナタリアが幸せそうだったって話した瞬間、答える前に一瞬だけ切なそうに目を伏せたよな。 ／ 他国の王族を本当に知らないなら、そんな表情になるはずがないだろ。,,0.7秒揺らぎ:(眉:困り/悲しみ / 目:伏せ / 口:閉じ),
p1_natalia_rumor::slip[PRE_FACE]::terminalRecordSummary,2. Phase1 カマかけ質問,Phase1 質問5「ナタリアがルークと婚約して幸せそうだったと振る」 ＞ ボロ演出：返答前0.7秒の表情揺らぎ発生時に端末INFO（情動反応）へ自動記録される分析カルテ本文,端末INFO本文（情動反応）,ナタリアに関する話題提示直後、発話前の0.7秒間に強い惜別・安堵の情動スパイクと伏し目反応を検出。,,,
p1_peony_rabbits::thoughtText,2. Phase1 カマかけ質問,Phase1 質問6「ピオニー陛下のブウサギに『アッシュ』がいると話す」 ＞ 質問選択ボタン,選択肢ラベル,ピオニー陛下のブウサギに『アッシュ』がいると話す,,,
p1_peony_rabbits::spokenText,2. Phase1 カマかけ質問,Phase1 質問6「ピオニー陛下のブウサギに『アッシュ』がいると話す」 ＞ 質問した時のガイのセリフ,ガイのセリフ,そういえばピオニー陛下の飼ってるブウサギに『アッシュ』って名前のやつがいてさ、俺が毎日散歩させてるんだよ。,,,
p1_peony_rabbits::aschText,2. Phase1 カマかけ質問,Phase1 質問6「ピオニー陛下のブウサギに『アッシュ』がいると話す」 ＞ 通常時（ボロが出ない時）のアッシュの返答,アッシュの返答（通常）,だから何だ。他人のペットの話など俺には関係ない。,,表情:通常 (眉:通常 / 目:通常 / 口:閉じ),
p1_peony_rabbits::shortLabel,2. Phase1 カマかけ質問,Phase1 質問6「ピオニー陛下のブウサギに『アッシュ』がいると話す」 ＞ ボロ指摘フェーズの一覧に表示される短い質問名,推理選択ラベル,ブウサギの『アッシュ』の話をしたとき,,,
p1_peony_rabbits::slip[REWRITE]::slipPrefixText,2. Phase1 カマかけ質問,Phase1 質問6「ピオニー陛下のブウサギに『アッシュ』がいると話す」 ＞ ボロ演出：2枠言い直し（1枠目：思わず漏れた本音）,アッシュ（ボロ1枠目）,なっ・・・・・・！？ なんで俺の名前が・・・・・・ッ！,,,
p1_peony_rabbits::slip[REWRITE]::slipCorrectedText,2. Phase1 カマかけ質問,Phase1 質問6「ピオニー陛下のブウサギに『アッシュ』がいると話す」 ＞ ボロ演出：2枠言い直し（2枠目：慌てて訂正した言葉）,アッシュ（ボロ2枠目）,・・・・・・だから何だ。他人のペットの話など俺には関係ない。,,,
p1_peony_rabbits::slip[REWRITE]::guyPointOutSpoken,2. Phase1 カマかけ質問,Phase1 質問6「ピオニー陛下のブウサギに『アッシュ』がいると話す」 ＞ ボロ指摘フェーズで「ボロ演出：2枠言い直し」を当てた時のガイの追及セリフ,ガイ（ボロ追及セリフ）,さっきピオニー陛下のブウサギに『アッシュ』って名前がついてるって話したとき、「なんで俺の名前が」って声を荒げたよな。 ／ 自分がアッシュじゃないなら、ブウサギの名前くらいで怒るわけないだろ。,,,
p1_peony_rabbits::slip[REWRITE]::terminalRecordSummary,2. Phase1 カマかけ質問,Phase1 質問6「ピオニー陛下のブウサギに『アッシュ』がいると話す」 ＞ ボロ演出：2枠言い直し発生時に端末INFO（情動反応）へ自動記録される分析カルテ本文,端末INFO本文（情動反応）,ブウサギの個体名『アッシュ』を聞いた瞬間、「なんで俺の名前が」という激しい自己同一性反応を検出。ペットへの命名に対する憤慨を記録。,,,
p1_peony_rabbits::slip[PRE_FACE]::guyPointOutSpoken,2. Phase1 カマかけ質問,Phase1 質問6「ピオニー陛下のブウサギに『アッシュ』がいると話す」 ＞ ボロ指摘フェーズで「ボロ演出：返答前0.7秒の表情揺らぎ」を当てた時のガイの追及セリフ,ガイ（ボロ追及セリフ）,さっきブウサギに『アッシュ』って名前がついてるって話した瞬間、答える前に怒った顔で睨んできたよな。 ／ 自分の名前をペットにつけられてたから、思わず反応したんだろ。,,0.7秒揺らぎ:(眉:怒り / 目:睨み / 口:食いしばり),
p1_peony_rabbits::slip[PRE_FACE]::terminalRecordSummary,2. Phase1 カマかけ質問,Phase1 質問6「ピオニー陛下のブウサギに『アッシュ』がいると話す」 ＞ ボロ演出：返答前0.7秒の表情揺らぎ発生時に端末INFO（情動反応）へ自動記録される分析カルテ本文,端末INFO本文（情動反応）,ブウサギの個体名『アッシュ』を聞いた直後、発話前の0.7秒間に憤慨を示す表情変化と情動スパイクを検出。,,,
p1_octopus_meal::thoughtText,2. Phase1 カマかけ質問,Phase1 質問7「美味いタコ料理の店があるから食べないかと勧める」 ＞ 質問選択ボタン,選択肢ラベル,美味いタコ料理の店があるから食べないかと勧める,,,
p1_octopus_meal::spokenText,2. Phase1 カマかけ質問,Phase1 質問7「美味いタコ料理の店があるから食べないかと勧める」 ＞ 質問した時のガイのセリフ,ガイのセリフ,ディストの造った精巧な機体なら、人間の食事も摂れるんじゃないのか？ 美味いタコ料理を出す店があるんだが、どうだ？,,,
p1_octopus_meal::aschText,2. Phase1 カマかけ質問,Phase1 質問7「美味いタコ料理の店があるから食べないかと勧める」 ＞ 通常時（ボロが出ない時）のアッシュの返答,アッシュの返答（通常）,俺は機械だから食事は摂らない。音素の供給さえあれば稼働に問題はない。,,表情:通常 (眉:通常 / 目:通常 / 口:閉じ),
p1_octopus_meal::shortLabel,2. Phase1 カマかけ質問,Phase1 質問7「美味いタコ料理の店があるから食べないかと勧める」 ＞ ボロ指摘フェーズの一覧に表示される短い質問名,推理選択ラベル,タコ料理を勧めたとき,,,
p1_octopus_meal::slip[REWRITE]::slipPrefixText,2. Phase1 カマかけ質問,Phase1 質問7「美味いタコ料理の店があるから食べないかと勧める」 ＞ ボロ演出：2枠言い直し（1枠目：思わず漏れた本音）,アッシュ（ボロ1枠目）,嫌がらせか・・・・・・？,,,
p1_octopus_meal::slip[REWRITE]::slipCorrectedText,2. Phase1 カマかけ質問,Phase1 質問7「美味いタコ料理の店があるから食べないかと勧める」 ＞ ボロ演出：2枠言い直し（2枠目：慌てて訂正した言葉）,アッシュ（ボロ2枠目）,・・・・・・俺は機械だから食事は摂らない。音素の供給さえあれば稼働に問題はない。,,,
p1_octopus_meal::slip[REWRITE]::guyPointOutSpoken,2. Phase1 カマかけ質問,Phase1 質問7「美味いタコ料理の店があるから食べないかと勧める」 ＞ ボロ指摘フェーズで「ボロ演出：2枠言い直し」を当てた時のガイの追及セリフ,ガイ（ボロ追及セリフ）,さっきタコ料理を勧めたとき、「嫌がらせか？」って食ってかかったよな。 ／ タコが苦手で、しかも俺に嫌われてるって自覚があるアッシュじゃなきゃ、そんな言葉は出ないはずだぞ。,,,
p1_octopus_meal::slip[REWRITE]::terminalRecordSummary,2. Phase1 カマかけ質問,Phase1 質問7「美味いタコ料理の店があるから食べないかと勧める」 ＞ ボロ演出：2枠言い直し発生時に端末INFO（情動反応）へ自動記録される分析カルテ本文,端末INFO本文（情動反応）,タコ料理の提案時、「嫌がらせか・・・・・・？」と嫌悪および対人負い目に基づく未フィルタ音声を検出。個人の食嗜好の完全な残存を記録。,,,
p1_octopus_meal::slip[PRE_FACE]::guyPointOutSpoken,2. Phase1 カマかけ質問,Phase1 質問7「美味いタコ料理の店があるから食べないかと勧める」 ＞ ボロ指摘フェーズで「ボロ演出：返答前0.7秒の表情揺らぎ」を当てた時のガイの追及セリフ,ガイ（ボロ追及セリフ）,さっきタコ料理を勧めた瞬間、答える前に苦々しそうに目を伏せたよな。 ／ 初対面の機械が、食事を勧められただけでそんな顔をするか？,,0.7秒揺らぎ:(眉:困り/悲しみ / 目:伏せ / 口:への字),
p1_octopus_meal::slip[PRE_FACE]::terminalRecordSummary,2. Phase1 カマかけ質問,Phase1 質問7「美味いタコ料理の店があるから食べないかと勧める」 ＞ ボロ演出：返答前0.7秒の表情揺らぎ発生時に端末INFO（情動反応）へ自動記録される分析カルテ本文,端末INFO本文（情動反応）,タコ料理の提案直後、発話前の0.7秒間に嫌悪と苦々しさを示す伏し目反応および情動波形スパイクを検出。,,,
p1_asch_rumor::thoughtText,2. Phase1 カマかけ質問,Phase1 質問8「『鮮血のアッシュ』は低身長を気にしていたと振る」 ＞ 質問選択ボタン,選択肢ラベル,『鮮血のアッシュ』は低身長を気にしていたと振る,,,
p1_asch_rumor::spokenText,2. Phase1 カマかけ質問,Phase1 質問8「『鮮血のアッシュ』は低身長を気にしていたと振る」 ＞ 質問した時のガイのセリフ,ガイのセリフ,昔、六神将に『鮮血のアッシュ』って呼ばれてた奴がいたんだが、そいつ、身長が低いことを気にしてたらしいぞ。,,,
p1_asch_rumor::aschText,2. Phase1 カマかけ質問,Phase1 質問8「『鮮血のアッシュ』は低身長を気にしていたと振る」 ＞ 通常時（ボロが出ない時）のアッシュの返答,アッシュの返答（通常）,知らん。俺には関係ない。,,表情:通常 (眉:通常 / 目:通常 / 口:閉じ),
p1_asch_rumor::shortLabel,2. Phase1 カマかけ質問,Phase1 質問8「『鮮血のアッシュ』は低身長を気にしていたと振る」 ＞ ボロ指摘フェーズの一覧に表示される短い質問名,推理選択ラベル,『鮮血のアッシュ』の身長の噂をしたとき,,,
p1_asch_rumor::slip[REWRITE]::slipPrefixText,2. Phase1 カマかけ質問,Phase1 質問8「『鮮血のアッシュ』は低身長を気にしていたと振る」 ＞ ボロ演出：2枠言い直し（1枠目：思わず漏れた本音）,アッシュ（ボロ1枠目）,気にしてなど・・・・・・ッ！,,,
p1_asch_rumor::slip[REWRITE]::slipCorrectedText,2. Phase1 カマかけ質問,Phase1 質問8「『鮮血のアッシュ』は低身長を気にしていたと振る」 ＞ ボロ演出：2枠言い直し（2枠目：慌てて訂正した言葉）,アッシュ（ボロ2枠目）,知らん。俺には関係ない。,,,
p1_asch_rumor::slip[REWRITE]::guyPointOutSpoken,2. Phase1 カマかけ質問,Phase1 質問8「『鮮血のアッシュ』は低身長を気にしていたと振る」 ＞ ボロ指摘フェーズで「ボロ演出：2枠言い直し」を当てた時のガイの追及セリフ,ガイ（ボロ追及セリフ）,さっき『鮮血のアッシュが身長が低いことを気にしてた』って噂を振ったとき、「気にしてなど――」ってムキになって言い返しかけたよな。 ／ 他人事ならそんなに怒るはずがないだろ。,,,
p1_asch_rumor::slip[REWRITE]::terminalRecordSummary,2. Phase1 カマかけ質問,Phase1 質問8「『鮮血のアッシュ』は低身長を気にしていたと振る」 ＞ ボロ演出：2枠言い直し発生時に端末INFO（情動反応）へ自動記録される分析カルテ本文,端末INFO本文（情動反応）,身長に関する言及に対し、「気にしてなど」と即座に反応。六神将当時のコンプレックスの表層化を記録。,,,
p1_asch_rumor::slip[PRE_FACE]::guyPointOutSpoken,2. Phase1 カマかけ質問,Phase1 質問8「『鮮血のアッシュ』は低身長を気にしていたと振る」 ＞ ボロ指摘フェーズで「ボロ演出：返答前0.7秒の表情揺らぎ」を当てた時のガイの追及セリフ,ガイ（ボロ追及セリフ）,さっき『鮮血のアッシュが身長を気にしてた』って話した瞬間、答える前に強い怒りで睨みつけてきたよな。 ／ 死んだ人間の噂話に、なんでおまえがそこまでキレるんだ？,,0.7秒揺らぎ:(眉:怒り / 目:睨み / 口:食いしばり),
p1_asch_rumor::slip[PRE_FACE]::terminalRecordSummary,2. Phase1 カマかけ質問,Phase1 質問8「『鮮血のアッシュ』は低身長を気にしていたと振る」 ＞ ボロ演出：返答前0.7秒の表情揺らぎ発生時に端末INFO（情動反応）へ自動記録される分析カルテ本文,端末INFO本文（情動反応）,身長に関する言及直後、発話前の0.7秒間に強い怒り（睨みつけ）の表情筋反応と情動スパイクを検出。,,,
p1_tarlow_zura::thoughtText,2. Phase1 カマかけ質問,Phase1 質問9「タルロウXの後継機なら語尾に「ズラ」がつくか聞く」 ＞ 質問選択ボタン,選択肢ラベル,タルロウXの後継機なら語尾に「ズラ」がつくか聞く,,,
p1_tarlow_zura::spokenText,2. Phase1 カマかけ質問,Phase1 質問9「タルロウXの後継機なら語尾に「ズラ」がつくか聞く」 ＞ 質問した時のガイのセリフ,ガイのセリフ,おまえはタルロウXの後継機なんだよな？　語尾に『ズラ』ってつけないのか？,,,
p1_tarlow_zura::aschText,2. Phase1 カマかけ質問,Phase1 質問9「タルロウXの後継機なら語尾に「ズラ」がつくか聞く」 ＞ 通常時（ボロが出ない時）のアッシュの返答,アッシュの返答（通常）,俺は最新機だ。そんな古臭い語尾は使わない。旧型のポンコツと一緒にするな。,,表情:通常 (眉:通常 / 目:通常 / 口:閉じ),
p1_tarlow_zura::shortLabel,2. Phase1 カマかけ質問,Phase1 質問9「タルロウXの後継機なら語尾に「ズラ」がつくか聞く」 ＞ ボロ指摘フェーズの一覧に表示される短い質問名,推理選択ラベル,タルロウXの語尾について聞いたとき,,,
p1_why_sneaking::thoughtText,2. Phase1 カマかけ質問,Phase1 質問10「研究室でディストの助手でもしていたのか聞く」 ＞ 質問選択ボタン,選択肢ラベル,研究室でディストの助手でもしていたのか聞く,,,
p1_why_sneaking::spokenText,2. Phase1 カマかけ質問,Phase1 質問10「研究室でディストの助手でもしていたのか聞く」 ＞ 質問した時のガイのセリフ,ガイのセリフ,俺がディストの研究室に入ったとき、部屋の隅にいたよな。あそこでディストの実験の助手でもしていたのか？,,,
p1_why_sneaking::aschText,2. Phase1 カマかけ質問,Phase1 質問10「研究室でディストの助手でもしていたのか聞く」 ＞ 通常時（ボロが出ない時）のアッシュの返答,アッシュの返答（通常）,俺は管理用の機体だ。研究室の備品と音機関の稼働状況を確認していただけで、怪しまれるようなことはしていない。,,表情:通常 (眉:通常 / 目:通常 / 口:閉じ),
p1_why_sneaking::shortLabel,2. Phase1 カマかけ質問,Phase1 質問10「研究室でディストの助手でもしていたのか聞く」 ＞ ボロ指摘フェーズの一覧に表示される短い質問名,推理選択ラベル,研究室でディストの助手でもしていたのか聞いたとき,,,
PHASE1_ACCUSE_SUCCESS::aschText,2. Phase1 カマかけ質問,Phase1 ボロ指摘フェーズ ＞ 正解を突きつけられてアッシュが観念するセリフ（Phase2へ移行）,アッシュの返答,・・・・・・っ！！　・・・・・・チッ、どこまでしつこく観察してやがる・・・・・・！ ／ ・・・・・・分かったよ、俺の負けだ。その通りだ、俺は『タルロウA』なんかじゃない・・・・・・アッシュだ。,,1枠目:動揺/大声 → 2枠目:目逸らし,
PHASE1_ACCUSE_FAIL::aschText,2. Phase1 カマかけ質問,Phase1 ボロ指摘フェーズ ＞ 不正解だった時にアッシュに論破されるセリフ（END01へ直行）,アッシュの返答,言いがかりだな。俺は最初から事実しか言っていないし、動揺などもしていない。 ／ 疑う根拠がないなら、さっさと研究所へ戻せ。,,表情:通常,
PHASE1_SHOW_TERMINAL::guyText,2. Phase1 カマかけ質問,Phase1 別解ルート ＞ 端末のロックを解除して「手元の端末の画面を本人に見せる」を選んだ時のガイのセリフ,ガイのセリフ,おまえ、俺がただの板を見ていると思って油断してただろ。これ、ディストの研究所から回収したおまえの内部モニターなんだよ。 ／ おまえが『タルロウA』じゃなくて、俺を知っているアッシュ本人だって記録も全部ここに映ってるぞ。,,,
PHASE1_SHOW_TERMINAL::aschText,2. Phase1 カマかけ質問,Phase1 別解ルート ＞ 端末の画面を突きつけられた時のアッシュの動揺セリフ,アッシュの返答,なっ・・・・・・！？　な、なんだその端末は、いつの間に・・・・・・！？ ／ ええい、うるさい！！　人の頭の中まで勝手に覗き見やがって、いい加減にしろ、ガイ！！,,表情:動揺/大声,
PHASE1_SHOW_TERMINAL_CONFIRM::guyText,2. Phase1 カマかけ質問,Phase1 別解ルート ＞ アッシュが思わず「ガイ」と呼んだ直後の追及セリフ,ガイのセリフ,今、俺のことを「ガイ」って呼んだな。俺の名前を知らないはずの機械が、どうして呼べるんだ？　・・・・・・やっぱりアッシュなんだろ。,,,
PHASE1_SHOW_TERMINAL_CONFIRM::aschText,2. Phase1 カマかけ質問,Phase1 別解ルート ＞ 名前を呼んだことを指摘されて観念するアッシュのセリフ,アッシュの返答,・・・・・・っ！！　・・・・・・チッ、端末まで持ち出しやがって・・・・・・。 ／ ・・・・・・分かったよ、俺の負けだ。その通りだ、俺はアッシュだ。,,,
p2_tarlow_past::thoughtText,4. Phase2 [追求] タブ,話題「どうして「タルロウA」なんて名前を名乗っていたのか聞く」（※不機嫌時は拒否される話題） ＞ 話題選択ボタン,選択肢ラベル,どうして「タルロウA」なんて名前を名乗っていたのか聞く,,,
p2_tarlow_past::spokenText,4. Phase2 [追求] タブ,話題「どうして「タルロウA」なんて名前を名乗っていたのか聞く」（※不機嫌時は拒否される話題） ＞ 1往復目（切り出し）,ガイのセリフ,しかし、なんでまた『タルロウA』なんて名前で機械のフリをしていたんだ？　とっさに思いついた嘘にしては妙に具体的だったけど。,,,
p2_tarlow_past::aschText,4. Phase2 [追求] タブ,話題「どうして「タルロウA」なんて名前を名乗っていたのか聞く」（※不機嫌時は拒否される話題） ＞ 1往復目（通常時の返答）,アッシュの返答（通常）,・・・・・・でまかせじゃない。2ヶ月前まで、俺は本当に『タルロウA』という50センチくらいの小型機体に入っていた。 ／ おまえやあの眼鏡、ピオニーが研究所に来た時にも、何度か顔を合わせている。,,表情:通常 (眉:通常 / 目:逸らし / 口:閉じ),
p2_tarlow_past::oralInfo.title,4. Phase2 [追求] タブ,話題「どうして「タルロウA」なんて名前を名乗っていたのか聞く」（※不機嫌時は拒否される話題） ＞ 会話後に端末INFOへ追加される記録タイトル,端末INFOタイトル,小型機体『タルロウA』としての稼働期間,,,
p2_tarlow_past::oralInfo.content,4. Phase2 [追求] タブ,話題「どうして「タルロウA」なんて名前を名乗っていたのか聞く」（※不機嫌時は拒否される話題） ＞ 会話後に端末INFOへ追加される記録本文,端末INFO本文,1年前から2ヶ月前まで、タルロウXの外装をアッシュカラーにした小型機体『タルロウA』として稼働していた。研究所を訪れたガイやジェイド、ピオニーとも顔を合わせていたが、誰も中身がアッシュだとは気づいていなかった。,,,
p2_tarlow_past::reply[p2_tarlow_past_reply_why_silent]::thoughtText,4. Phase2 [追求] タブ,話題「どうして「タルロウA」なんて名前を名乗っていたのか聞く」（※不機嫌時は拒否される話題） ＞ 選択肢(1/2)「研究所で会っていたなら、なぜ声をかけなかったか聞く」,選択肢ラベル,研究所で会っていたなら、なぜ声をかけなかったか聞く,,,
p2_tarlow_past::reply[p2_tarlow_past_reply_why_silent]::spokenText,4. Phase2 [追求] タブ,話題「どうして「タルロウA」なんて名前を名乗っていたのか聞く」（※不機嫌時は拒否される話題） ＞ 選択肢(1/2)「研究所で会っていたなら、なぜ声をかけなかったか聞く」,ガイのセリフ,えっ・・・・・・あの研究所にいた赤い小型機体、おまえだったのか！？　なんでその時に声をかけてくれなかったんだ！,,,
p2_tarlow_past::reply[p2_tarlow_past_reply_why_silent]::aschText,4. Phase2 [追求] タブ,話題「どうして「タルロウA」なんて名前を名乗っていたのか聞く」（※不機嫌時は拒否される話題） ＞ 選択肢(1/2)「研究所で会っていたなら、なぜ声をかけなかったか聞く」,アッシュの返答,・・・・・・ふん、俺がこんな機械になって生き永らえているなどと、気付かないならそれに越したことはないだろう。 ／ 2ヶ月前にそのタルロウAが壊れて、空きがなかったからこの10歳当時の予備素体に入れ替えられた。・・・・・・なぜ壊れたのかは覚えていないがな。,,表情:目逸らし (眉:困り/悲しみ / 目:逸らし / 口:閉じ),
p2_tarlow_past::reply[p2_tarlow_past_reply_surprised]::thoughtText,4. Phase2 [追求] タブ,話題「どうして「タルロウA」なんて名前を名乗っていたのか聞く」（※不機嫌時は拒否される話題） ＞ 選択肢(2/2)「あの赤い小型機体がアッシュだったと知って驚く」,選択肢ラベル,あの赤い小型機体がアッシュだったと知って驚く,,,
p2_tarlow_past::reply[p2_tarlow_past_reply_surprised]::spokenText,4. Phase2 [追求] タブ,話題「どうして「タルロウA」なんて名前を名乗っていたのか聞く」（※不機嫌時は拒否される話題） ＞ 選択肢(2/2)「あの赤い小型機体がアッシュだったと知って驚く」,ガイのセリフ,あの研究所の隅にいた赤い小型機体か・・・・・・！　まさかあの中に、おまえが入っていたとはな。,,,
p2_tarlow_past::reply[p2_tarlow_past_reply_surprised]::aschText,4. Phase2 [追求] タブ,話題「どうして「タルロウA」なんて名前を名乗っていたのか聞く」（※不機嫌時は拒否される話題） ＞ 選択肢(2/2)「あの赤い小型機体がアッシュだったと知って驚く」,アッシュの返答,・・・・・・笑いたければ笑え。2ヶ月前にそのタルロウAが壊れて、空きがなかったからこの10歳当時の予備素体に入れ替えられた。・・・・・・なぜ壊れたのかは覚えていないがな。,,表情:目逸らし (眉:困り/悲しみ / 目:逸らし / 口:への字),
p2_height_headpat::thoughtText,3. Phase2 [雑談] タブ,話題「昔の10歳の姿だと、やっぱり目線が低くてやりづらいか聞く」（※不機嫌時は拒否される話題） ＞ 話題選択ボタン,選択肢ラベル,昔の10歳の姿だと、やっぱり目線が低くてやりづらいか聞く,,,
p2_height_headpat::spokenText,3. Phase2 [雑談] タブ,話題「昔の10歳の姿だと、やっぱり目線が低くてやりづらいか聞く」（※不機嫌時は拒否される話題） ＞ 1往復目（切り出し）,ガイのセリフ,7年前の予備素体ってことは、俺が屋敷にいた頃の背丈そのままなんだよな。やっぱり目線が低くて動きづらいか？,,,
p2_height_headpat::aschText,3. Phase2 [雑談] タブ,話題「昔の10歳の姿だと、やっぱり目線が低くてやりづらいか聞く」（※不機嫌時は拒否される話題） ＞ 1往復目（通常時の返答）,アッシュの返答（通常）,やかましい！　身長の話をするな！ ／ ・・・・・・まあ、以前の50センチしかない鉄塊に比べれば、人間の形になったから以前よりマシだがな。,,表情:睨み (眉:怒り / 目:逸らし / 口:への字 / 効果:赤面),
p2_height_headpat::reply[p2_height_reply_headpat]::thoughtText,3. Phase2 [雑談] タブ,話題「昔の10歳の姿だと、やっぱり目線が低くてやりづらいか聞く」（※不機嫌時は拒否される話題） ＞ 選択肢(1/3)「昔の屋敷時代を思い出して、つい頭を撫でてしまう」,選択肢ラベル,昔の屋敷時代を思い出して、つい頭を撫でてしまう,,,
p2_height_headpat::reply[p2_height_reply_headpat]::spokenText,3. Phase2 [雑談] タブ,話題「昔の10歳の姿だと、やっぱり目線が低くてやりづらいか聞く」（※不機嫌時は拒否される話題） ＞ 選択肢(1/3)「昔の屋敷時代を思い出して、つい頭を撫でてしまう」,ガイのセリフ,はは、人間の形になって安心したっていうのは正直でいいな。・・・・・・こうして見ると、本当にあの頃のままだ。,,,
p2_height_headpat::reply[p2_height_reply_headpat]::aschText,3. Phase2 [雑談] タブ,話題「昔の10歳の姿だと、やっぱり目線が低くてやりづらいか聞く」（※不機嫌時は拒否される話題） ＞ 選択肢(1/3)「昔の屋敷時代を思い出して、つい頭を撫でてしまう」,アッシュの返答,なっ・・・・・・おい、勝手に頭を撫でるな！　子ども扱いするなと言っているだろうが！ ／ ・・・・・・チッ、調子の狂う奴だ。,,表情:目逸らし (眉:怒り / 目:逸らし / 口:への字 / 効果:赤面+汗),
p2_height_headpat::reply[p2_height_reply_headpat]::oralInfo.title,3. Phase2 [雑談] タブ,話題「昔の10歳の姿だと、やっぱり目線が低くてやりづらいか聞く」（※不機嫌時は拒否される話題） ＞ 選択肢(1/3)「昔の屋敷時代を思い出して、つい頭を撫でてしまう」 ＞ 会話後に端末INFOへ追加される記録タイトル,端末INFOタイトル,頭部接触に対する反発と情動軟化,,,
p2_height_headpat::reply[p2_height_reply_headpat]::oralInfo.content,3. Phase2 [雑談] タブ,話題「昔の10歳の姿だと、やっぱり目線が低くてやりづらいか聞く」（※不機嫌時は拒否される話題） ＞ 選択肢(1/3)「昔の屋敷時代を思い出して、つい頭を撫でてしまう」 ＞ 会話後に端末INFOへ追加される記録本文,端末INFO本文,ガイに頭を撫でられた際、言葉では子ども扱いされたことに怒って手を払い除けたものの、内部の情動波形はかつての屋敷時代を想起して穏やかな軟化を示した。,,,
p2_height_headpat::reply[p2_height_reply_nod]::thoughtText,3. Phase2 [雑談] タブ,話題「昔の10歳の姿だと、やっぱり目線が低くてやりづらいか聞く」（※不機嫌時は拒否される話題） ＞ 選択肢(2/3)「「人間の形になってよかったな」と素直に頷く」,選択肢ラベル,「人間の形になってよかったな」と素直に頷く,,,
p2_height_headpat::reply[p2_height_reply_nod]::spokenText,3. Phase2 [雑談] タブ,話題「昔の10歳の姿だと、やっぱり目線が低くてやりづらいか聞く」（※不機嫌時は拒否される話題） ＞ 選択肢(2/3)「「人間の形になってよかったな」と素直に頷く」,ガイのセリフ,そうだな。50センチの鉄の塊よりは、今の姿の方がずっといいよ。,,,
p2_height_headpat::reply[p2_height_reply_nod]::aschText,3. Phase2 [雑談] タブ,話題「昔の10歳の姿だと、やっぱり目線が低くてやりづらいか聞く」（※不機嫌時は拒否される話題） ＞ 選択肢(2/3)「「人間の形になってよかったな」と素直に頷く」,アッシュの返答,・・・・・・ふん、当たり前だ。こんなガキの背丈でも、自分の手足があるだけマシだからな。,,表情:目逸らし (眉:通常 / 目:逸らし / 口:閉じ),
p2_height_headpat::reply[p2_height_reply_provoke]::thoughtText,3. Phase2 [雑談] タブ,話題「昔の10歳の姿だと、やっぱり目線が低くてやりづらいか聞く」（※不機嫌時は拒否される話題） ＞ 選択肢(3/3)「「その小さな体じゃ剣もまともに振れないだろうな」と口にする」,選択肢ラベル,「その小さな体じゃ剣もまともに振れないだろうな」と口にする,,,
p2_height_headpat::reply[p2_height_reply_provoke]::spokenText,3. Phase2 [雑談] タブ,話題「昔の10歳の姿だと、やっぱり目線が低くてやりづらいか聞く」（※不機嫌時は拒否される話題） ＞ 選択肢(3/3)「「その小さな体じゃ剣もまともに振れないだろうな」と口にする」,ガイのセリフ,・・・・・・だが、その10歳の小さな体じゃ、もう昔みたいに剣もまともに振れないだろうな。,,,
p2_height_headpat::reply[p2_height_reply_provoke]::aschText,3. Phase2 [雑談] タブ,話題「昔の10歳の姿だと、やっぱり目線が低くてやりづらいか聞く」（※不機嫌時は拒否される話題） ＞ 選択肢(3/3)「「その小さな体じゃ剣もまともに振れないだろうな」と口にする」,アッシュの返答,・・・・・・っ、やかましい！！　俺の剣の腕まで見下す気か、貴様・・・・・・ッ！ ／ それ以上ガキ扱いするなら、口を利かんからな！,,表情:睨み (眉:怒り / 目:睨み / 口:叫び / 効果:赤面) 声:大声揺れ,
p2_tea_and_taste::thoughtText,3. Phase2 [雑談] タブ,話題「せっかく部屋に来たんだし、お茶でも淹れようと勧める」（※不機嫌を鎮める話題） ＞ 話題選択ボタン,選択肢ラベル,せっかく部屋に来たんだし、お茶でも淹れようと勧める,,,
p2_tea_and_taste::spokenText,3. Phase2 [雑談] タブ,話題「せっかく部屋に来たんだし、お茶でも淹れようと勧める」（※不機嫌を鎮める話題） ＞ 1往復目（切り出し）,ガイのセリフ,そうだ、せっかく俺の部屋に来たんだし、紅茶でも淹れようか。飲めなくても、香りくらいなら分かるんだろ？,,,
p2_tea_and_taste::aschText,3. Phase2 [雑談] タブ,話題「せっかく部屋に来たんだし、お茶でも淹れようと勧める」（※不機嫌を鎮める話題） ＞ 1往復目（通常時の返答）,アッシュの返答（通常）,・・・・・・茶などいらんと言っているだろう。機械の身体に飲食など不要だ。 ／ ・・・・・・だが、まあ、おまえが勝手に淹れて香りだけ置いておくというなら、止めはしない。,,表情:目逸らし (眉:通常 / 目:逸らし / 口:閉じ / 効果:赤面),
p2_tea_and_taste::badMoodResponse.aschText,3. Phase2 [雑談] タブ,話題「せっかく部屋に来たんだし、お茶でも淹れようと勧める」（※不機嫌を鎮める話題） ＞ ★アッシュが不機嫌な時の専用返答,アッシュの返答（不機嫌時）,・・・・・・淹れてくれるなら、香りだけ貰っておく。,,表情:目逸らし (眉:困り/悲しみ / 目:逸らし / 口:閉じ),
p2_tea_and_taste::reply[p2_tea_reply_preferences]::thoughtText,3. Phase2 [雑談] タブ,話題「せっかく部屋に来たんだし、お茶でも淹れようと勧める」（※不機嫌を鎮める話題） ＞ 選択肢(1/2)「砂糖は入れずにそのまま出し、昔の好き嫌いの話をする」,選択肢ラベル,砂糖は入れずにそのまま出し、昔の好き嫌いの話をする,,,
p2_tea_and_taste::reply[p2_tea_reply_preferences]::spokenText,3. Phase2 [雑談] タブ,話題「せっかく部屋に来たんだし、お茶でも淹れようと勧める」（※不機嫌を鎮める話題） ＞ 選択肢(1/2)「砂糖は入れずにそのまま出し、昔の好き嫌いの話をする」,ガイのセリフ,ほら、砂糖は入れないでおいたよ。おまえ、昔から甘いお菓子とピーマンだけは絶対に手をつけなかったからな。,,,
p2_tea_and_taste::reply[p2_tea_reply_preferences]::aschText,3. Phase2 [雑談] タブ,話題「せっかく部屋に来たんだし、お茶でも淹れようと勧める」（※不機嫌を鎮める話題） ＞ 選択肢(1/2)「砂糖は入れずにそのまま出し、昔の好き嫌いの話をする」,アッシュの返答,・・・・・・余計なことまで覚えているな、おまえは。 ／ ・・・・・・悪くない香りだ。あの変態の研究所は薬品臭くてかなわんからな。,,表情:通常 (眉:柔和 / 目:伏せ / 口:閉じ),
p2_tea_and_taste::reply[p2_tea_reply_quietly_place]::thoughtText,3. Phase2 [雑談] タブ,話題「せっかく部屋に来たんだし、お茶でも淹れようと勧める」（※不機嫌を鎮める話題） ＞ 選択肢(2/2)「余計なことは言わず、静かにカップを置いてやる」,選択肢ラベル,余計なことは言わず、静かにカップを置いてやる,,,
p2_tea_and_taste::reply[p2_tea_reply_quietly_place]::spokenText,3. Phase2 [雑談] タブ,話題「せっかく部屋に来たんだし、お茶でも淹れようと勧める」（※不機嫌を鎮める話題） ＞ 選択肢(2/2)「余計なことは言わず、静かにカップを置いてやる」,ガイのセリフ,ああ、ここに置いておくよ。おまえの好きにしろ。,,,
p2_tea_and_taste::reply[p2_tea_reply_quietly_place]::aschText,3. Phase2 [雑談] タブ,話題「せっかく部屋に来たんだし、お茶でも淹れようと勧める」（※不機嫌を鎮める話題） ＞ 選択肢(2/2)「余計なことは言わず、静かにカップを置いてやる」,アッシュの返答,・・・・・・ふん。 ／ ・・・・・・悪くない茶葉だな。研究所の薬品臭い空気よりはずっとマシだ。,,表情:通常 (眉:通常 / 目:伏せ / 口:閉じ),
p2_galdios_sword::thoughtText,4. Phase2 [追求] タブ,話題「壁際の『宝刀ガルディオス』を見ているのに気づく」（※不機嫌時は拒否される話題） ＞ 話題選択ボタン,選択肢ラベル,壁際の『宝刀ガルディオス』を見ているのに気づく,,,
p2_galdios_sword::spokenText,4. Phase2 [追求] タブ,話題「壁際の『宝刀ガルディオス』を見ているのに気づく」（※不機嫌時は拒否される話題） ＞ 1往復目（切り出し）,ガイのセリフ,ん？　ああ、壁際の刀か。それは実家の『宝刀ガルディオス』だよ。いろいろあったけど、無事に俺の手元に戻ってきたんだ。,,,
p2_galdios_sword::aschText,4. Phase2 [追求] タブ,話題「壁際の『宝刀ガルディオス』を見ているのに気づく」（※不機嫌時は拒否される話題） ＞ 1往復目（通常時の返答）,アッシュの返答（通常）,・・・・・・そうか。その刀、おまえの手に戻ったんだな。 ／ ・・・・・・ホドのものが、少しでもおまえのところへ帰ってきたのなら、よかった。,,表情:通常 (眉:困り/悲しみ / 目:通常 / 口:閉じ),
p2_galdios_sword::oralInfo.title,4. Phase2 [追求] タブ,話題「壁際の『宝刀ガルディオス』を見ているのに気づく」（※不機嫌時は拒否される話題） ＞ 会話後に端末INFOへ追加される記録タイトル,端末INFOタイトル,宝刀ガルディオスに対する安堵反応,,,
p2_galdios_sword::oralInfo.content,4. Phase2 [追求] タブ,話題「壁際の『宝刀ガルディオス』を見ているのに気づく」（※不機嫌時は拒否される話題） ＞ 会話後に端末INFOへ追加される記録本文,端末INFO本文,ガイの部屋に置かれた『宝刀ガルディオス』を見て、今初めてその事実を知り素直に安堵する様子を見せた。,,,
p2_galdios_sword_after_p1::thoughtText,4. Phase2 [追求] タブ,話題「さっきはぐらかした『宝刀ガルディオス』についてもう一度聞く」（※不機嫌時は拒否される話題） ＞ 話題選択ボタン,選択肢ラベル,さっきはぐらかした『宝刀ガルディオス』についてもう一度聞く,,,
p2_galdios_sword_after_p1::spokenText,4. Phase2 [追求] タブ,話題「さっきはぐらかした『宝刀ガルディオス』についてもう一度聞く」（※不機嫌時は拒否される話題） ＞ 1往復目（切り出し）,ガイのセリフ,さっきは機械のフリをしてはぐらかしたけど、壁際の『宝刀ガルディオス』を見て驚いていたよな。これが俺の手元に戻ったこと、知らなかったのか？,,,
p2_galdios_sword_after_p1::aschText,4. Phase2 [追求] タブ,話題「さっきはぐらかした『宝刀ガルディオス』についてもう一度聞く」（※不機嫌時は拒否される話題） ＞ 1往復目（通常時の返答）,アッシュの返答（通常）,・・・・・・ああ、今ここで実物を見て初めて知った。その刀、おまえの手に戻ったんだな。 ／ ・・・・・・ホドのものが、少しでもおまえのところへ帰ってきたのなら、よかった。,,表情:通常 (眉:困り/悲しみ / 目:通常 / 口:閉じ),
p2_galdios_sword_after_p1::oralInfo.title,4. Phase2 [追求] タブ,話題「さっきはぐらかした『宝刀ガルディオス』についてもう一度聞く」（※不機嫌時は拒否される話題） ＞ 会話後に端末INFOへ追加される記録タイトル,端末INFOタイトル,宝刀ガルディオスに対する安堵反応,,,
p2_galdios_sword_after_p1::oralInfo.content,4. Phase2 [追求] タブ,話題「さっきはぐらかした『宝刀ガルディオス』についてもう一度聞く」（※不機嫌時は拒否される話題） ＞ 会話後に端末INFOへ追加される記録本文,端末INFO本文,ガイの部屋に置かれた『宝刀ガルディオス』を見て、今初めてその事実を知り素直に安堵する様子を見せた。,,,
p2_sword_limiter::thoughtText,3. Phase2 [雑談] タブ,話題「その身体で剣を握ったり動かしたりできるのか尋ねる」 ＞ 話題選択ボタン,選択肢ラベル,その身体で剣を握ったり動かしたりできるのか尋ねる,,,
p2_sword_limiter::spokenText,3. Phase2 [雑談] タブ,話題「その身体で剣を握ったり動かしたりできるのか尋ねる」 ＞ 1往復目（切り出し）,ガイのセリフ,その身体、普段通り歩いたり喋ったりはできているみたいだけど、剣を振ったりもできるのか？,,,
p2_sword_limiter::aschText,3. Phase2 [雑談] タブ,話題「その身体で剣を握ったり動かしたりできるのか尋ねる」 ＞ 1往復目（通常時の返答）,アッシュの返答（通常）,・・・・・・できない。ディストが四肢に出力制限をかけてやがる。 ／ 少し強く踏み込もうとするだけでリミッターが作動して、足元がふらつく始末だ。おまえに心配される筋合いはない。,,表情:睨み (眉:怒り / 目:逸らし / 口:への字),
p2_sword_limiter::reply[p2_sword_reply_sympathy]::thoughtText,3. Phase2 [雑談] タブ,話題「その身体で剣を握ったり動かしたりできるのか尋ねる」 ＞ 選択肢(1/2)「「剣士のおまえにはもどかしいよな」と気遣う」,選択肢ラベル,「剣士のおまえにはもどかしいよな」と気遣う,,,
p2_sword_limiter::reply[p2_sword_reply_sympathy]::spokenText,3. Phase2 [雑談] タブ,話題「その身体で剣を握ったり動かしたりできるのか尋ねる」 ＞ 選択肢(1/2)「「剣士のおまえにはもどかしいよな」と気遣う」,ガイのセリフ,そうか・・・・・・剣を振るうのが当たり前だったおまえには、もどかしい仕様だな。,,,
p2_sword_limiter::reply[p2_sword_reply_sympathy]::aschText,3. Phase2 [雑談] タブ,話題「その身体で剣を握ったり動かしたりできるのか尋ねる」 ＞ 選択肢(1/2)「「剣士のおまえにはもどかしいよな」と気遣う」,アッシュの返答,・・・・・・ふん、同情するな。いずれリミッターくらい自力で外してやる。,,表情:目逸らし (眉:通常 / 目:逸らし / 口:閉じ),
p2_sword_limiter::reply[p2_sword_reply_guy_irritated]::thoughtText,3. Phase2 [雑談] タブ,話題「その身体で剣を握ったり動かしたりできるのか尋ねる」 ＞ 選択肢(2/2)「「心配して聞いてやってるのに、なんだその態度は」と苛立つ」,選択肢ラベル,「心配して聞いてやってるのに、なんだその態度は」と苛立つ,,,
p2_sword_limiter::reply[p2_sword_reply_guy_irritated]::spokenText,3. Phase2 [雑談] タブ,話題「その身体で剣を握ったり動かしたりできるのか尋ねる」 ＞ 選択肢(2/2)「「心配して聞いてやってるのに、なんだその態度は」と苛立つ」,ガイのセリフ,・・・・・・おい、こっちは身体の具合を心配して聞いてやってるのに、なんだその棘のある言い方は。,,,
p2_sword_limiter::reply[p2_sword_reply_guy_irritated]::aschText,3. Phase2 [雑談] タブ,話題「その身体で剣を握ったり動かしたりできるのか尋ねる」 ＞ 選択肢(2/2)「「心配して聞いてやってるのに、なんだその態度は」と苛立つ」,アッシュの返答,・・・・・・誰が心配しろと頼んだ！　おまえが勝手に連れ込んで勝手に質問しているだけだろうが！,,表情:睨み (眉:怒り / 目:睨み / 口:叫び),
p2_dist_complaints::thoughtText,3. Phase2 [雑談] タブ,話題「ディストの研究所では普段どんな風に過ごしているのか聞く」 ＞ 話題選択ボタン,選択肢ラベル,ディストの研究所では普段どんな風に過ごしているのか聞く,,,
p2_dist_complaints::spokenText,3. Phase2 [雑談] タブ,話題「ディストの研究所では普段どんな風に過ごしているのか聞く」 ＞ 1往復目（切り出し）,ガイのセリフ,ディストの研究所にいる間、あいつに妙な実験や雑用を押し付けられたりしていないか？,,,
p2_dist_complaints::aschText,3. Phase2 [雑談] タブ,話題「ディストの研究所では普段どんな風に過ごしているのか聞く」 ＞ 1往復目（通常時の返答）,アッシュの返答（通常）,・・・・・・あの変態の趣味に付き合わされる身にもなってみろ。 ／ 機体名に『薔薇の騎士』だの何だのふざけた名前をつけようとするわ、珈琲を淹れろと騒ぐわ、毎日うるさくて仕方がない。,,表情:目逸らし (眉:怒り / 目:逸らし / 口:への字 / 効果:汗),
p2_dist_complaints::badMoodResponse.aschText,3. Phase2 [雑談] タブ,話題「ディストの研究所では普段どんな風に過ごしているのか聞く」 ＞ ★アッシュが不機嫌な時の専用返答,アッシュの返答（不機嫌時）,・・・・・・あの変態が騒ぐのを適当にあしらっているだけだ。,,表情:目逸らし (眉:困り/悲しみ / 目:逸らし / 口:閉じ),
p2_dist_complaints::reply[p2_dist_reply_hideout]::thoughtText,3. Phase2 [雑談] タブ,話題「ディストの研究所では普段どんな風に過ごしているのか聞く」 ＞ 選択肢(1/2)「それでもディストの研究所に居続けるのは意外だと言う」,選択肢ラベル,それでもディストの研究所に居続けるのは意外だと言う,,,
p2_dist_complaints::reply[p2_dist_reply_hideout]::spokenText,3. Phase2 [雑談] タブ,話題「ディストの研究所では普段どんな風に過ごしているのか聞く」 ＞ 選択肢(1/2)「それでもディストの研究所に居続けるのは意外だと言う」,ガイのセリフ,はは、ディスト相手に毎日ツッコミを入れてるおまえの姿が目に浮かぶよ。でも、そんなに騒がしいならあんな研究所に居続けなくてもいいのにな。,,,
p2_dist_complaints::reply[p2_dist_reply_hideout]::aschText,3. Phase2 [雑談] タブ,話題「ディストの研究所では普段どんな風に過ごしているのか聞く」 ＞ 選択肢(1/2)「それでもディストの研究所に居続けるのは意外だと言う」,アッシュの返答,・・・・・・あそこは人目につかない。あの変態も口だけは堅いからな、身を隠すには都合がいいだけだ。,,表情:目逸らし (眉:困り/悲しみ / 目:逸らし / 口:閉じ),
p2_dist_complaints::reply[p2_dist_reply_rose_knight]::thoughtText,3. Phase2 [雑談] タブ,話題「ディストの研究所では普段どんな風に過ごしているのか聞く」 ＞ 選択肢(2/2)「『薔薇の騎士』というネーミングセンスに苦笑する」,選択肢ラベル,『薔薇の騎士』というネーミングセンスに苦笑する,,,
p2_dist_complaints::reply[p2_dist_reply_rose_knight]::spokenText,3. Phase2 [雑談] タブ,話題「ディストの研究所では普段どんな風に過ごしているのか聞く」 ＞ 選択肢(2/2)「『薔薇の騎士』というネーミングセンスに苦笑する」,ガイのセリフ,『薔薇の騎士』って・・・・・・あいつ、昔からそういう大仰な名前をつけるのが好きだよな。,,,
p2_dist_complaints::reply[p2_dist_reply_rose_knight]::aschText,3. Phase2 [雑談] タブ,話題「ディストの研究所では普段どんな風に過ごしているのか聞く」 ＞ 選択肢(2/2)「『薔薇の騎士』というネーミングセンスに苦笑する」,アッシュの返答,笑い事じゃない！　本気で銘板に刻もうとしやがったから、その場でへし折ってやった。 ／ ・・・・・・まったく、あいつは騒がしいにも程がある。,,表情:睨み (眉:怒り / 目:逸らし / 口:への字 / 効果:赤面),
p2_why_outside::thoughtText,4. Phase2 [追求] タブ,話題「俺が研究室に入ったとき、どうして隠れずに隅にいたのか聞く」（※不機嫌時は拒否される話題） ＞ 話題選択ボタン,選択肢ラベル,俺が研究室に入ったとき、どうして隠れずに隅にいたのか聞く,,,
p2_why_outside::spokenText,4. Phase2 [追求] タブ,話題「俺が研究室に入ったとき、どうして隠れずに隅にいたのか聞く」（※不機嫌時は拒否される話題） ＞ 1往復目（切り出し）,ガイのセリフ,そういえば、今日俺がディストの研究室に入ったとき、なんで物陰に隠れもしないで部屋の隅に突っ立っていたんだ？　前みたいにやり過ごすこともできただろ？,,,
p2_why_outside::aschText,4. Phase2 [追求] タブ,話題「俺が研究室に入ったとき、どうして隠れずに隅にいたのか聞く」（※不機嫌時は拒否される話題） ＞ 1往復目（通常時の返答）,アッシュの返答（通常）,・・・・・・別にボサッとしていたわけじゃない。あの変態の相手で疲れていたところに、おまえが勝手に入ってきただけだ。 ／ 誰だって3時間も音機関の自慢話を聞かされりゃ、反応くらい鈍るだろうが。,,表情:目逸らし (眉:怒り / 目:逸らし / 口:への字 / 効果:赤面),
p2_why_outside::reply[p2_why_outside_reply_sympathy]::thoughtText,4. Phase2 [追求] タブ,話題「俺が研究室に入ったとき、どうして隠れずに隅にいたのか聞く」（※不機嫌時は拒否される話題） ＞ 選択肢(1/2)「「3時間も自慢話は災難だったな」と同情する」,選択肢ラベル,「3時間も自慢話は災難だったな」と同情する,,,
p2_why_outside::reply[p2_why_outside_reply_sympathy]::spokenText,4. Phase2 [追求] タブ,話題「俺が研究室に入ったとき、どうして隠れずに隅にいたのか聞く」（※不機嫌時は拒否される話題） ＞ 選択肢(1/2)「「3時間も自慢話は災難だったな」と同情する」,ガイのセリフ,はは、ディストの自慢話を3時間も聞かされていたのか。そりゃ誰だってぐったりするよ、災難だったな。,,,
p2_why_outside::reply[p2_why_outside_reply_sympathy]::aschText,4. Phase2 [追求] タブ,話題「俺が研究室に入ったとき、どうして隠れずに隅にいたのか聞く」（※不機嫌時は拒否される話題） ＞ 選択肢(1/2)「「3時間も自慢話は災難だったな」と同情する」,アッシュの返答,・・・・・・笑い事じゃない。おかげでこうして貴様に捕まって連れ出される羽目になったんだろうが。,,表情:目逸らし (眉:困り/悲しみ / 目:逸らし / 口:への字),
p2_why_outside::reply[p2_why_outside_reply_glad]::thoughtText,4. Phase2 [追求] タブ,話題「俺が研究室に入ったとき、どうして隠れずに隅にいたのか聞く」（※不機嫌時は拒否される話題） ＞ 選択肢(2/2)「「でも、おかげでおまえを見つけられた」と言う」,選択肢ラベル,「でも、おかげでおまえを見つけられた」と言う,,,
p2_why_outside::reply[p2_why_outside_reply_glad]::spokenText,4. Phase2 [追求] タブ,話題「俺が研究室に入ったとき、どうして隠れずに隅にいたのか聞く」（※不機嫌時は拒否される話題） ＞ 選択肢(2/2)「「でも、おかげでおまえを見つけられた」と言う」,ガイのセリフ,・・・・・・でも、おまえが隠れ損ねてくれたおかげで、こうして生きているおまえを見つけられたんだからな。,,,
p2_why_outside::reply[p2_why_outside_reply_glad]::aschText,4. Phase2 [追求] タブ,話題「俺が研究室に入ったとき、どうして隠れずに隅にいたのか聞く」（※不機嫌時は拒否される話題） ＞ 選択肢(2/2)「「でも、おかげでおまえを見つけられた」と言う」,アッシュの返答,・・・・・・ふん、俺にとってはありがた迷惑な話だ。,,表情:目逸らし (眉:通常 / 目:逸らし / 口:閉じ / 効果:赤面),
p2_clothes::thoughtText,3. Phase2 [雑談] タブ,話題「着ている服も昔の屋敷にいた頃とよく似ているなと触れる」 ＞ 話題選択ボタン,選択肢ラベル,着ている服も昔の屋敷にいた頃とよく似ているなと触れる,,,
p2_clothes::spokenText,3. Phase2 [雑談] タブ,話題「着ている服も昔の屋敷にいた頃とよく似ているなと触れる」 ＞ 1往復目（切り出し）,ガイのセリフ,その着ている服も、昔バチカルの屋敷にいた頃の服によく似ているよな。ディストが用意してくれたのか？,,,
p2_clothes::aschText,3. Phase2 [雑談] タブ,話題「着ている服も昔の屋敷にいた頃とよく似ているなと触れる」 ＞ 1往復目（通常時の返答）,アッシュの返答（通常）,・・・・・・服の話などどうでもいいだろう。着替えがこれしかなかっただけだ。 ／ あいつが最初に持ってきた悪趣味な服よりは、まだこれの方がマシだったからな。,,表情:目逸らし (眉:困り/悲しみ / 目:逸らし / 口:への字 / 効果:赤面),
p2_clothes::badMoodResponse.aschText,3. Phase2 [雑談] タブ,話題「着ている服も昔の屋敷にいた頃とよく似ているなと触れる」 ＞ ★アッシュが不機嫌な時の専用返答,アッシュの返答（不機嫌時）,・・・・・・着替えがこれしかなかっただけだ。,,表情:目逸らし (眉:困り/悲しみ / 目:伏せ / 口:閉じ),
p2_clothes::reply[p2_clothes_reply_suits_you]::thoughtText,3. Phase2 [雑談] タブ,話題「着ている服も昔の屋敷にいた頃とよく似ているなと触れる」 ＞ 選択肢(1/1)「「よく似合っているよ。昔を思い出すな」と微笑む」,選択肢ラベル,「よく似合っているよ。昔を思い出すな」と微笑む,,,
p2_clothes::reply[p2_clothes_reply_suits_you]::spokenText,3. Phase2 [雑談] タブ,話題「着ている服も昔の屋敷にいた頃とよく似ているなと触れる」 ＞ 選択肢(1/1)「「よく似合っているよ。昔を思い出すな」と微笑む」,ガイのセリフ,ディストが持ってきた悪趣味な服っていうのも気になるけど・・・・・・今のその服、よく似合っているよ。昔を思い出すな。,,,
p2_clothes::reply[p2_clothes_reply_suits_you]::aschText,3. Phase2 [雑談] タブ,話題「着ている服も昔の屋敷にいた頃とよく似ているなと触れる」 ＞ 選択肢(1/1)「「よく似合っているよ。昔を思い出すな」と微笑む」,アッシュの返答,・・・・・・うるさい、しみじみ見るな！　小さい身体で着慣れないから、襟元が窮屈でかなわん。,,表情:目逸らし (眉:怒り / 目:逸らし / 口:への字 / 効果:赤面),
p2_friends_news::thoughtText,4. Phase2 [追求] タブ,話題「バチカルのナタリアや、ピオニー陛下たちの近況を話す」（※不機嫌時は拒否される話題） ＞ 話題選択ボタン,選択肢ラベル,バチカルのナタリアや、ピオニー陛下たちの近況を話す,,,
p2_friends_news::spokenText,4. Phase2 [追求] タブ,話題「バチカルのナタリアや、ピオニー陛下たちの近況を話す」（※不機嫌時は拒否される話題） ＞ 1往復目（切り出し）,ガイのセリフ,外の連中といえば、ナタリアもバチカルの復興で毎日忙しく飛び回っているし、ピオニー陛下や大佐も相変わらずだ。少しは気になっていたんじゃないか？,,,
p2_friends_news::aschText,4. Phase2 [追求] タブ,話題「バチカルのナタリアや、ピオニー陛下たちの近況を話す」（※不機嫌時は拒否される話題） ＞ 1往復目（通常時の返答）,アッシュの返答（通常）,・・・・・・外の連中のことなど、俺の知ったことか。 ／ ・・・・・・あいつらが勝手に元気でやっているなら、それで十分だろう。,,表情:目逸らし (眉:困り/悲しみ / 目:逸らし / 口:への字 / 効果:赤面),
p2_friends_news::reply[p2_friends_reply_warm]::thoughtText,4. Phase2 [追求] タブ,話題「バチカルのナタリアや、ピオニー陛下たちの近況を話す」（※不機嫌時は拒否される話題） ＞ 選択肢(1/3)「「おまえらしい言い方だな」と静かに微笑む」,選択肢ラベル,「おまえらしい言い方だな」と静かに微笑む,,,
p2_friends_news::reply[p2_friends_reply_warm]::spokenText,4. Phase2 [追求] タブ,話題「バチカルのナタリアや、ピオニー陛下たちの近況を話す」（※不機嫌時は拒否される話題） ＞ 選択肢(1/3)「「おまえらしい言い方だな」と静かに微笑む」,ガイのセリフ,はは、おまえらしい言い方だな。ああ、みんな元気でやっているよ。,,,
p2_friends_news::reply[p2_friends_reply_warm]::aschText,4. Phase2 [追求] タブ,話題「バチカルのナタリアや、ピオニー陛下たちの近況を話す」（※不機嫌時は拒否される話題） ＞ 選択肢(1/3)「「おまえらしい言い方だな」と静かに微笑む」,アッシュの返答,・・・・・・ふん、ならいい。それ以上いちいち報告しなくて結構だ。,,表情:目逸らし (眉:通常 / 目:逸らし / 口:閉じ),
p2_friends_news::reply[p2_friends_reply_tease_angry]::thoughtText,4. Phase2 [追求] タブ,話題「バチカルのナタリアや、ピオニー陛下たちの近況を話す」（※不機嫌時は拒否される話題） ＞ 選択肢(2/3)「「本当は寂しくてたまらないくせに、意地を張るなよ」とからかう」,選択肢ラベル,「本当は寂しくてたまらないくせに、意地を張るなよ」とからかう,,,
p2_friends_news::reply[p2_friends_reply_tease_angry]::spokenText,4. Phase2 [追求] タブ,話題「バチカルのナタリアや、ピオニー陛下たちの近況を話す」（※不機嫌時は拒否される話題） ＞ 選択肢(2/3)「「本当は寂しくてたまらないくせに、意地を張るなよ」とからかう」,ガイのセリフ,本当はひとりで研究所にいて寂しくてたまらないくせに、いつまでそんな意地を張ってるんだ？,,,
p2_friends_news::reply[p2_friends_reply_tease_angry]::aschText,4. Phase2 [追求] タブ,話題「バチカルのナタリアや、ピオニー陛下たちの近況を話す」（※不機嫌時は拒否される話題） ＞ 選択肢(2/3)「「本当は寂しくてたまらないくせに、意地を張るなよ」とからかう」,アッシュの返答,・・・・・・っ、ふざけるな！！　誰が寂しいなどと言った、勝手な決めつけをするな！！,,表情:睨み (眉:怒り / 目:睨み / 口:叫び / 効果:赤面) 声:大声揺れ,
p2_friends_news::reply[p2_friends_reply_guy_irritated]::thoughtText,4. Phase2 [追求] タブ,話題「バチカルのナタリアや、ピオニー陛下たちの近況を話す」（※不機嫌時は拒否される話題） ＞ 選択肢(3/3)「「俺の知ったことか、はないだろ」と突き放す態度に苛立つ」,選択肢ラベル,「俺の知ったことか、はないだろ」と突き放す態度に苛立つ,,,
p2_friends_news::reply[p2_friends_reply_guy_irritated]::spokenText,4. Phase2 [追求] タブ,話題「バチカルのナタリアや、ピオニー陛下たちの近況を話す」（※不機嫌時は拒否される話題） ＞ 選択肢(3/3)「「俺の知ったことか、はないだろ」と突き放す態度に苛立つ」,ガイのセリフ,・・・・・・あいつらがどれだけおまえの死を悼んだか知りもしないで、『俺の知ったことか』はないだろ。,,,
p2_friends_news::reply[p2_friends_reply_guy_irritated]::aschText,4. Phase2 [追求] タブ,話題「バチカルのナタリアや、ピオニー陛下たちの近況を話す」（※不機嫌時は拒否される話題） ＞ 選択肢(3/3)「「俺の知ったことか、はないだろ」と突き放す態度に苛立つ」,アッシュの返答,・・・・・・だから死んだ人間は大人しく引っ込んでいると言っているだろうが！　俺にどうしろと言うんだ！,,表情:睨み (眉:怒り / 目:睨み / 口:食いしばり),
p2_show_terminal::thoughtText,5. Phase2 [端末] タブ,話題「【端末提示】手元の管理端末を本人に見せる」 ＞ 話題選択ボタン,選択肢ラベル,【端末提示】手元の管理端末を本人に見せる,,,
p2_show_terminal::spokenText,5. Phase2 [端末] タブ,話題「【端末提示】手元の管理端末を本人に見せる」 ＞ 1往復目（切り出し）,ガイのセリフ,なあ、おまえを研究室から連れ出すときにディストが『これを持っていきなさい』って渡してきたこの板なんだが・・・・・・見覚えはあるか？,,,
p2_show_terminal::aschText,5. Phase2 [端末] タブ,話題「【端末提示】手元の管理端末を本人に見せる」 ＞ 1往復目（通常時の返答）,アッシュの返答（通常）,チッ、その忌々しい板を俺に向けるな！ ／ ・・・・・・ディストの奴、俺の内部記録を見る管理端末までおまえに渡しやがったのか。,,表情:睨み (眉:怒り / 目:睨み / 口:食いしばり / 効果:汗),
p2_show_terminal::reply[p2_show_terminal_reply_lower]::thoughtText,5. Phase2 [端末] タブ,話題「【端末提示】手元の管理端末を本人に見せる」 ＞ 選択肢(1/3)「「むやみに弄ったりしないよ」と端末を下げる」,選択肢ラベル,「むやみに弄ったりしないよ」と端末を下げる,,,
p2_show_terminal::reply[p2_show_terminal_reply_lower]::spokenText,5. Phase2 [端末] タブ,話題「【端末提示】手元の管理端末を本人に見せる」 ＞ 選択肢(1/3)「「むやみに弄ったりしないよ」と端末を下げる」,ガイのセリフ,悪かったよ。むやみに弄ったりしないでおくから、そう睨むな。,,,
p2_show_terminal::reply[p2_show_terminal_reply_lower]::aschText,5. Phase2 [端末] タブ,話題「【端末提示】手元の管理端末を本人に見せる」 ＞ 選択肢(1/3)「「むやみに弄ったりしないよ」と端末を下げる」,アッシュの返答,・・・・・・ふん。勝手に俺の内部モニターを覗き見るなよ。,,表情:目逸らし (眉:通常 / 目:逸らし / 口:への字),
p2_show_terminal::reply[p2_show_terminal_reply_care]::thoughtText,5. Phase2 [端末] タブ,話題「【端末提示】手元の管理端末を本人に見せる」 ＞ 選択肢(2/3)「「その身体に無理が出ていないか気になってさ」と言う」,選択肢ラベル,「その身体に無理が出ていないか気になってさ」と言う,,,
p2_show_terminal::reply[p2_show_terminal_reply_care]::spokenText,5. Phase2 [端末] タブ,話題「【端末提示】手元の管理端末を本人に見せる」 ＞ 選択肢(2/3)「「その身体に無理が出ていないか気になってさ」と言う」,ガイのセリフ,すまん。ただ、その身体に無理が出ていないか気になってさ。,,,
p2_show_terminal::reply[p2_show_terminal_reply_care]::aschText,5. Phase2 [端末] タブ,話題「【端末提示】手元の管理端末を本人に見せる」 ＞ 選択肢(2/3)「「その身体に無理が出ていないか気になってさ」と言う」,アッシュの返答,・・・・・・余計なお世話だ。俺の身体くらい自分で分かる。変な記録まで勝手に開けるなよ。,,表情:目逸らし (眉:困り/悲しみ / 目:逸らし / 口:への字),
p2_show_terminal::reply[p2_show_terminal_reply_provoke]::thoughtText,5. Phase2 [端末] タブ,話題「【端末提示】手元の管理端末を本人に見せる」 ＞ 選択肢(3/3)「「おまえが隠してることも、これで全部丸見えだな」と煽る」,選択肢ラベル,「おまえが隠してることも、これで全部丸見えだな」と煽る,,,
p2_show_terminal::reply[p2_show_terminal_reply_provoke]::spokenText,5. Phase2 [端末] タブ,話題「【端末提示】手元の管理端末を本人に見せる」 ＞ 選択肢(3/3)「「おまえが隠してることも、これで全部丸見えだな」と煽る」,ガイのセリフ,へえ、これが管理端末なのか。つまりおまえが隠してることも、これを見れば全部丸見えってわけだな。,,,
p2_show_terminal::reply[p2_show_terminal_reply_provoke]::aschText,5. Phase2 [端末] タブ,話題「【端末提示】手元の管理端末を本人に見せる」 ＞ 選択肢(3/3)「「おまえが隠してることも、これで全部丸見えだな」と煽る」,アッシュの返答,・・・・・・っ、趣味の悪い真似をするな！！　人の頭の中を勝手に覗き見て楽しいか、貴様・・・・・・ッ！,,表情:睨み (眉:怒り / 目:睨み / 口:叫び / 効果:赤面+汗) 声:大声揺れ,
p2_term_sec00_blush::thoughtText,5. Phase2 [端末] タブ,話題「【MC-001】動揺すると顔が赤くなる仕様に触れる」（※不機嫌時は拒否される話題） ＞ 話題選択ボタン,選択肢ラベル,【MC-001】動揺すると顔が赤くなる仕様に触れる,,,
p2_term_sec00_blush::spokenText,5. Phase2 [端末] タブ,話題「【MC-001】動揺すると顔が赤くなる仕様に触れる」（※不機嫌時は拒否される話題） ＞ 1往復目（切り出し）,ガイのセリフ,その身体、感情が上がると顔に熱がこもって赤くなる仕様なんだな。生前とまるで同じじゃないか。,,,
p2_term_sec00_blush::aschText,5. Phase2 [端末] タブ,話題「【MC-001】動揺すると顔が赤くなる仕様に触れる」（※不機嫌時は拒否される話題） ＞ 1往復目（通常時の返答）,アッシュの返答（通常）,うるさい！　冷却系の放熱処理がそうなっているだけだ！ ／ ・・・・・・いちいち人の顔を覗き込むな、鬱陶しい！,,表情:睨み (眉:怒り / 目:逸らし / 口:への字 / 効果:赤面),
p2_term_sec01_zura::thoughtText,5. Phase2 [端末] タブ,話題「【MC-002】『〜ズラ』語尾設定と端末破壊の件に触れる」（※不機嫌時は拒否される話題） ＞ 話題選択ボタン,選択肢ラベル,【MC-002】『〜ズラ』語尾設定と端末破壊の件に触れる,,,
p2_term_sec01_zura::spokenText,5. Phase2 [端末] タブ,話題「【MC-002】『〜ズラ』語尾設定と端末破壊の件に触れる」（※不機嫌時は拒否される話題） ＞ 1往復目（切り出し）,ガイのセリフ,ディストの奴、最初におまえの語尾を『〜ズラ』に設定しようとして、おまえに設定端末ごと叩き割られたんだってな。,,,
p2_term_sec01_zura::aschText,5. Phase2 [端末] タブ,話題「【MC-002】『〜ズラ』語尾設定と端末破壊の件に触れる」（※不機嫌時は拒否される話題） ＞ 1往復目（通常時の返答）,アッシュの返答（通常）,・・・・・・思い出すだけで腹が立つ！　誰があんなふざけた語尾で喋るか！ ／ あの変態、次に同じ真似をしたら研究所ごとスクラップにしてやる・・・・・・！,,表情:睨み (眉:怒り / 目:睨み / 口:食いしばり / 効果:赤面),
p2_term_sec04_stepstool::thoughtText,5. Phase2 [端末] タブ,話題「【EM-002】高い棚と『踏み台』の記録に触れる」（※不機嫌時は拒否される話題） ＞ 話題選択ボタン,選択肢ラベル,【EM-002】高い棚と『踏み台』の記録に触れる,,,
p2_term_sec04_stepstool::spokenText,5. Phase2 [端末] タブ,話題「【EM-002】高い棚と『踏み台』の記録に触れる」（※不機嫌時は拒否される話題） ＞ 1往復目（切り出し）,ガイのセリフ,研究所の高い棚に手が届かなくて、誰もいない時に踏み台を探し回ったっていうのは本当か？,,,
p2_term_sec04_stepstool::aschText,5. Phase2 [端末] タブ,話題「【EM-002】高い棚と『踏み台』の記録に触れる」（※不機嫌時は拒否される話題） ＞ 1往復目（通常時の返答）,アッシュの返答（通常）,なっ・・・・・・！？　だ、誰にも見られていなかったはずだぞ、なぜ貴様がそれを知っている！？ ／ ・・・・・・ち、違う、あれはたまたま上の棚の部品を確認していただけだ！　笑うな！,,表情:動揺/驚き (眉:怒り / 目:逸らし / 口:への字 / 効果:赤面+汗),
p2_term_sec05_pepper::thoughtText,5. Phase2 [端末] タブ,話題「【MC-004】ディストの差し入れ菓子を突き返した記録に触れる」（※不機嫌時は拒否される話題） ＞ 話題選択ボタン,選択肢ラベル,【MC-004】ディストの差し入れ菓子を突き返した記録に触れる,,,
p2_term_sec05_pepper::spokenText,5. Phase2 [端末] タブ,話題「【MC-004】ディストの差し入れ菓子を突き返した記録に触れる」（※不機嫌時は拒否される話題） ＞ 1往復目（切り出し）,ガイのセリフ,ディストが差し入れた特製の砂糖漬けケーキを、一口検知した瞬間に突き返したんだってな。,,,
p2_term_sec05_pepper::aschText,5. Phase2 [端末] タブ,話題「【MC-004】ディストの差し入れ菓子を突き返した記録に触れる」（※不機嫌時は拒否される話題） ＞ 1往復目（通常時の返答）,アッシュの返答（通常）,・・・・・・っ、あんな砂糖の塊、味覚センサーが壊れるに決まっているだろうが！ ／ あの変態、人の好みを知っていてわざと持ってきやがったんだ！,,表情:目逸らし (眉:怒り / 目:逸らし / 口:への字 / 効果:赤面+汗),
p2_term_sec07_night_search::thoughtText,5. Phase2 [端末] タブ,話題「【EM-004】深夜の『近況検索履歴』に触れる」（※不機嫌時は拒否される話題） ＞ 話題選択ボタン,選択肢ラベル,【EM-004】深夜の『近況検索履歴』に触れる,,,
p2_term_sec07_night_search::spokenText,5. Phase2 [端末] タブ,話題「【EM-004】深夜の『近況検索履歴』に触れる」（※不機嫌時は拒否される話題） ＞ 1往復目（切り出し）,ガイのセリフ,外の連中には興味がないって言っていた割に、夜中に研究所の通信端末でバチカルやピオニー陛下の動向を調べていただろ。,,,
p2_term_sec07_night_search::aschText,5. Phase2 [端末] タブ,話題「【EM-004】深夜の『近況検索履歴』に触れる」（※不機嫌時は拒否される話題） ＞ 1往復目（通常時の返答）,アッシュの返答（通常）,・・・・・・っ！　き、貴様、いつの間に研究所の通信履歴など見やがった！？ ／ ・・・・・・暇つぶしに通信網のテストをしていただけだ！　あいつらのことなど気にしていない！,,表情:目逸らし (眉:怒り / 目:逸らし / 口:への字 / 効果:赤面+汗),
p2_term_sec08_swing_fall::thoughtText,5. Phase2 [端末] タブ,話題「【MC-005】隠れて素振りをして転んだ記録に触れる」（※不機嫌時は拒否される話題） ＞ 話題選択ボタン,選択肢ラベル,【MC-005】隠れて素振りをして転んだ記録に触れる,,,
p2_term_sec08_swing_fall::spokenText,5. Phase2 [端末] タブ,話題「【MC-005】隠れて素振りをして転んだ記録に触れる」（※不機嫌時は拒否される話題） ＞ 1往復目（切り出し）,ガイのセリフ,空き部屋で隠れて剣の素振りをしようとして、出力制限で転んで壁を蹴飛ばしたそうじゃないか。,,,
p2_term_sec08_swing_fall::aschText,5. Phase2 [端末] タブ,話題「【MC-005】隠れて素振りをして転んだ記録に触れる」（※不機嫌時は拒否される話題） ＞ 1往復目（通常時の返答）,アッシュの返答（通常）,チッ・・・・・・うるさい！　急にリミッターが作動したせいで、足元が狂っただけだ！ ／ 体がどれくらい動くか試していただけだ、二度とその話をするな！,,表情:睨み (眉:怒り / 目:逸らし / 口:食いしばり / 効果:赤面),
p2_term_sec09_rejected_names::thoughtText,5. Phase2 [端末] タブ,話題「【EM-005】却下された『機体名リスト』に触れる」（※不機嫌時は拒否される話題） ＞ 話題選択ボタン,選択肢ラベル,【EM-005】却下された『機体名リスト』に触れる,,,
p2_term_sec09_rejected_names::spokenText,5. Phase2 [端末] タブ,話題「【EM-005】却下された『機体名リスト』に触れる」（※不機嫌時は拒否される話題） ＞ 1往復目（切り出し）,ガイのセリフ,『スーパー・タルロウA（エース）』に『深紅の貴公子クリムゾン号』・・・・・・この候補、全部おまえが却下したのか。,,,
p2_term_sec09_rejected_names::aschText,5. Phase2 [端末] タブ,話題「【EM-005】却下された『機体名リスト』に触れる」（※不機嫌時は拒否される話題） ＞ 1往復目（通常時の返答）,アッシュの返答（通常）,当たり前だろうが！　どいつもこいつも正気を疑うような名前ばかり並べやがって・・・・・・！ ／ ・・・・・・おい、そこでニヤニヤするな！,,表情:睨み (眉:怒り / 目:逸らし / 口:への字 / 効果:赤面+汗),
p2_term_sec10_alley_lost::thoughtText,5. Phase2 [端末] タブ,話題「【EM-006】3時間の自慢話で消耗して隠れ損ねた件に触れる」（※不機嫌時は拒否される話題） ＞ 話題選択ボタン,選択肢ラベル,【EM-006】3時間の自慢話で消耗して隠れ損ねた件に触れる,,,
p2_term_sec10_alley_lost::spokenText,5. Phase2 [端末] タブ,話題「【EM-006】3時間の自慢話で消耗して隠れ損ねた件に触れる」（※不機嫌時は拒否される話題） ＞ 1往復目（切り出し）,ガイのセリフ,今日俺が研究室に入ったときに隠れなかったの、ディストの3時間連続の自慢話で聴覚センサーが疲れ果てて、反応が1.8秒遅れたからなんだってな。,,,
p2_term_sec10_alley_lost::aschText,5. Phase2 [端末] タブ,話題「【EM-006】3時間の自慢話で消耗して隠れ損ねた件に触れる」（※不機嫌時は拒否される話題） ＞ 1往復目（通常時の返答）,アッシュの返答（通常）,・・・・・・っ、1.8秒だと！？　この身体、そんな細かい秒数まで勝手に記録してやがるのか！？ ／ ・・・・・・うるさい、3時間も薔薇だの芸術だの聞かされてみろ、誰だって頭が痺れる！　それ以上言うな！,,表情:目逸らし (眉:怒り / 目:逸らし / 口:への字 / 効果:赤面+汗),
p2_term_sec11_button_struggle::thoughtText,5. Phase2 [端末] タブ,話題「【MC-006】襟のボタン留めに格闘した記録に触れる」（※不機嫌時は拒否される話題） ＞ 話題選択ボタン,選択肢ラベル,【MC-006】襟のボタン留めに格闘した記録に触れる,,,
p2_term_sec11_button_struggle::spokenText,5. Phase2 [端末] タブ,話題「【MC-006】襟のボタン留めに格闘した記録に触れる」（※不機嫌時は拒否される話題） ＞ 1往復目（切り出し）,ガイのセリフ,今の身体に替わった時、一番上の襟ボタンを留めるのに3分も格闘していたんだってな。,,,
p2_term_sec11_button_struggle::aschText,5. Phase2 [端末] タブ,話題「【MC-006】襟のボタン留めに格闘した記録に触れる」（※不機嫌時は拒否される話題） ＞ 1往復目（通常時の返答）,アッシュの返答（通常）,・・・・・・っ、やかましい！　指先が小さくなって、生前と勝手が違っただけだろうが！ ／ くだらないことをいちいち口に出すな！,,表情:目逸らし (眉:怒り / 目:逸らし / 口:への字 / 効果:赤面+汗),
p2_why_hide_truth::thoughtText,4. Phase2 [追求] タブ,話題「なぜナタリアやルークに会わず身を隠すのか聞く」（※不機嫌時は拒否される話題） ＞ 話題選択ボタン,選択肢ラベル,なぜナタリアやルークに会わず身を隠すのか聞く,,,
p2_why_hide_truth::spokenText,4. Phase2 [追求] タブ,話題「なぜナタリアやルークに会わず身を隠すのか聞く」（※不機嫌時は拒否される話題） ＞ 1往復目（切り出し）,ガイのセリフ,・・・・・・なあ。どうしてバチカルへ帰らないんだ？　ナタリアにも会わず、こんな研究所に身を置いているのはなぜだ？,,,
p2_why_hide_truth::aschText,4. Phase2 [追求] タブ,話題「なぜナタリアやルークに会わず身を隠すのか聞く」（※不機嫌時は拒否される話題） ＞ 1往復目（通常時の返答）,アッシュの返答（通常）,・・・・・・帰る場所などない。俺は3年前のエルドラントで、確かに死んだはずなんだ。 ／ これ以上その話を蒸し返すな。,,表情:目逸らし (眉:困り/悲しみ / 目:伏せ / 口:への字 / 効果:汗),
p2_why_hide_truth::reply[p2_why_hide_reply_step_in]::thoughtText,4. Phase2 [追求] タブ,話題「なぜナタリアやルークに会わず身を隠すのか聞く」（※不機嫌時は拒否される話題） ＞ 選択肢(1/2)「「今のその身体を見られるのが嫌なのか？」と静かに聞く」,選択肢ラベル,「今のその身体を見られるのが嫌なのか？」と静かに聞く,,,
p2_why_hide_truth::reply[p2_why_hide_reply_step_in]::spokenText,4. Phase2 [追求] タブ,話題「なぜナタリアやルークに会わず身を隠すのか聞く」（※不機嫌時は拒否される話題） ＞ 選択肢(1/2)「「今のその身体を見られるのが嫌なのか？」と静かに聞く」,ガイのセリフ,・・・・・・今のその身体を見られるのが嫌なのか？　それとも、1年前に戻ってきたルークのことを気にしているのか。,,,
p2_why_hide_truth::reply[p2_why_hide_reply_step_in]::aschText,4. Phase2 [追求] タブ,話題「なぜナタリアやルークに会わず身を隠すのか聞く」（※不機嫌時は拒否される話題） ＞ 選択肢(1/2)「「今のその身体を見られるのが嫌なのか？」と静かに聞く」,アッシュの返答,・・・・・・あいつが戻っているなら、それでいいだろう。 ／ 死んだはずの俺が、なぜこんな機械の身体でまだ動いているのか、俺自身にも分からん。・・・・・・自分が何なのかも分からないまま、今さら誰の前に出られる。,,表情:目逸らし (眉:困り/悲しみ / 目:伏せ / 口:への字),
p2_why_hide_truth::reply[p2_why_hide_reply_step_in]::oralInfo.title,4. Phase2 [追求] タブ,話題「なぜナタリアやルークに会わず身を隠すのか聞く」（※不機嫌時は拒否される話題） ＞ 選択肢(1/2)「「今のその身体を見られるのが嫌なのか？」と静かに聞く」 ＞ 会話後に端末INFOへ追加される記録タイトル,端末INFOタイトル,身を隠す理由と自己同一性の揺らぎ,,,
p2_why_hide_truth::reply[p2_why_hide_reply_step_in]::oralInfo.content,4. Phase2 [追求] タブ,話題「なぜナタリアやルークに会わず身を隠すのか聞く」（※不機嫌時は拒否される話題） ＞ 選択肢(1/2)「「今のその身体を見られるのが嫌なのか？」と静かに聞く」 ＞ 会話後に端末INFOへ追加される記録本文,端末INFO本文,1年前に帰還したルークたちの平穏を乱したくないという思いとともに、エルドラントで死んだはずの自分がなぜ機械の身体で動いているのか自分自身にも分からず、自分が何者かも曖昧なまま誰の前にも出られないという本音が語られた。,,,
p2_why_hide_truth::reply[p2_why_hide_reply_step_in]::reply[p2_why_hide_reply_nod]::thoughtText,4. Phase2 [追求] タブ,話題「なぜナタリアやルークに会わず身を隠すのか聞く」（※不機嫌時は拒否される話題） ＞ 選択肢(1/2)「「今のその身体を見られるのが嫌なのか？」と静かに聞く」 ＞ 選択肢(1/1)「「・・・・・・そういうことか。無理に誰にも言わないよ」と頷く」,選択肢ラベル,「・・・・・・そういうことか。無理に誰にも言わないよ」と頷く,,,
p2_why_hide_truth::reply[p2_why_hide_reply_step_in]::reply[p2_why_hide_reply_nod]::spokenText,4. Phase2 [追求] タブ,話題「なぜナタリアやルークに会わず身を隠すのか聞く」（※不機嫌時は拒否される話題） ＞ 選択肢(1/2)「「今のその身体を見られるのが嫌なのか？」と静かに聞く」 ＞ 選択肢(1/1)「「・・・・・・そういうことか。無理に誰にも言わないよ」と頷く」,ガイのセリフ,・・・・・・そういうことか。 ／ 分かったよ。おまえがそういう気持ちでいるなら、俺からナタリアやルークに話すことはしない。,,,
p2_why_hide_truth::reply[p2_why_hide_reply_step_in]::reply[p2_why_hide_reply_nod]::aschText,4. Phase2 [追求] タブ,話題「なぜナタリアやルークに会わず身を隠すのか聞く」（※不機嫌時は拒否される話題） ＞ 選択肢(1/2)「「今のその身体を見られるのが嫌なのか？」と静かに聞く」 ＞ 選択肢(1/1)「「・・・・・・そういうことか。無理に誰にも言わないよ」と頷く」,アッシュの返答,・・・・・・ふん、最初からそうしろ。 ／ ・・・・・・それと、これ以上俺の頭の中を勝手に詮索するなよ。,,表情:目逸らし (眉:困り/悲しみ / 目:逸らし / 口:閉じ),
p2_why_hide_truth::reply[p2_why_hide_reply_back_off]::thoughtText,4. Phase2 [追求] タブ,話題「なぜナタリアやルークに会わず身を隠すのか聞く」（※不機嫌時は拒否される話題） ＞ 選択肢(2/2)「「・・・・・・分かった、無理には聞かないよ」と一旦引き下がる」,選択肢ラベル,「・・・・・・分かった、無理には聞かないよ」と一旦引き下がる,,,
p2_why_hide_truth::reply[p2_why_hide_reply_back_off]::spokenText,4. Phase2 [追求] タブ,話題「なぜナタリアやルークに会わず身を隠すのか聞く」（※不機嫌時は拒否される話題） ＞ 選択肢(2/2)「「・・・・・・分かった、無理には聞かないよ」と一旦引き下がる」,ガイのセリフ,・・・・・・そうか。おまえがそこまで言いたくないなら、無理には聞かないでおくよ。,,,
p2_why_hide_truth::reply[p2_why_hide_reply_back_off]::aschText,4. Phase2 [追求] タブ,話題「なぜナタリアやルークに会わず身を隠すのか聞く」（※不機嫌時は拒否される話題） ＞ 選択肢(2/2)「「・・・・・・分かった、無理には聞かないよ」と一旦引き下がる」,アッシュの返答,・・・・・・ああ。余計な詮索はするな。,,表情:目逸らし (眉:困り/悲しみ / 目:伏せ / 口:閉じ),
p2_why_10yo_body::thoughtText,4. Phase2 [追求] タブ,話題「なんでよりによって、その「10歳の姿」なのか聞く」（※不機嫌時は拒否される話題） ＞ 話題選択ボタン,選択肢ラベル,なんでよりによって、その「10歳の姿」なのか聞く,,,
p2_why_10yo_body::spokenText,4. Phase2 [追求] タブ,話題「なんでよりによって、その「10歳の姿」なのか聞く」（※不機嫌時は拒否される話題） ＞ 1往復目（切り出し）,ガイのセリフ,それにしても・・・・・・なんでよりによって、その『10歳の頃の姿』なんだ？,,,
p2_why_10yo_body::aschText,4. Phase2 [追求] タブ,話題「なんでよりによって、その「10歳の姿」なのか聞く」（※不機嫌時は拒否される話題） ＞ 1往復目（通常時の返答）,アッシュの返答（通常）,・・・・・・俺が選んだわけじゃない。 ／ 昔、万が一レプリカの生成が滞った時の『場繋ぎ』として造られていた予備の素体だ。ディストの研究所に転がっていたのが、これしかなかっただけだ。,,表情:目逸らし (眉:困り/悲しみ / 目:逸らし / 口:への字),
p2_why_10yo_body::oralInfo.title,4. Phase2 [追求] タブ,話題「なんでよりによって、その「10歳の姿」なのか聞く」（※不機嫌時は拒否される話題） ＞ 会話後に端末INFOへ追加される記録タイトル,端末INFOタイトル,10歳当時の予備素体（場繋ぎ用モデル）の来歴,,,
p2_why_10yo_body::oralInfo.content,4. Phase2 [追求] タブ,話題「なんでよりによって、その「10歳の姿」なのか聞く」（※不機嫌時は拒否される話題） ＞ 会話後に端末INFOへ追加される記録本文,端末INFO本文,現在の機体は、7年前にレプリカルークとの入れ替え計画が進行していた際、レプリカ生成が滞った場合の「完成までの場繋ぎ」として造られた10歳当時のアッシュを模した予備素体である。小型機体『タルロウA』大破に伴い、代替筐体として転用された。,,,
p2_why_10yo_body::reply[p2_why_10yo_reply_irony]::thoughtText,4. Phase2 [追求] タブ,話題「なんでよりによって、その「10歳の姿」なのか聞く」（※不機嫌時は拒否される話題） ＞ 選択肢(1/2)「「場繋ぎの予備、か・・・・・・皮肉な器だな」と言う」,選択肢ラベル,「場繋ぎの予備、か・・・・・・皮肉な器だな」と言う,,,
p2_why_10yo_body::reply[p2_why_10yo_reply_irony]::spokenText,4. Phase2 [追求] タブ,話題「なんでよりによって、その「10歳の姿」なのか聞く」（※不機嫌時は拒否される話題） ＞ 選択肢(1/2)「「場繋ぎの予備、か・・・・・・皮肉な器だな」と言う」,ガイのセリフ,場繋ぎの予備、か・・・・・・おまえにとっては皮肉な器だな。,,,
p2_why_10yo_body::reply[p2_why_10yo_reply_irony]::aschText,4. Phase2 [追求] タブ,話題「なんでよりによって、その「10歳の姿」なのか聞く」（※不機嫌時は拒否される話題） ＞ 選択肢(1/2)「「場繋ぎの予備、か・・・・・・皮肉な器だな」と言う」,アッシュの返答,・・・・・・まったくだ。造り物をあれだけ忌み嫌っていた俺が、10歳の自分の抜け殻に入っているんだからな。,,表情:目逸らし (眉:困り/悲しみ / 目:伏せ / 口:への字),
p2_why_10yo_body::reply[p2_why_10yo_reply_better_than_tarlow]::thoughtText,4. Phase2 [追求] タブ,話題「なんでよりによって、その「10歳の姿」なのか聞く」（※不機嫌時は拒否される話題） ＞ 選択肢(2/2)「「小型のタルロウAよりはマシだったのか？」と聞く」,選択肢ラベル,「小型のタルロウAよりはマシだったのか？」と聞く,,,
p2_why_10yo_body::reply[p2_why_10yo_reply_better_than_tarlow]::spokenText,4. Phase2 [追求] タブ,話題「なんでよりによって、その「10歳の姿」なのか聞く」（※不機嫌時は拒否される話題） ＞ 選択肢(2/2)「「小型のタルロウAよりはマシだったのか？」と聞く」,ガイのセリフ,小型のタルロウAよりは、今の姿のほうがマシだったのか？,,,
p2_why_10yo_body::reply[p2_why_10yo_reply_better_than_tarlow]::aschText,4. Phase2 [追求] タブ,話題「なんでよりによって、その「10歳の姿」なのか聞く」（※不機嫌時は拒否される話題） ＞ 選択肢(2/2)「「小型のタルロウAよりはマシだったのか？」と聞く」,アッシュの返答,・・・・・・視線が低いのは気に食わないが、手足があって剣を握れるだけ、あの鉄くずよりはマシだ。,,表情:通常 (眉:通常 / 目:逸らし / 口:閉じ),
p2_sleep_and_dreams::thoughtText,3. Phase2 [雑談] タブ,話題「その身体で、夜に眠ったり夢を見たりすることはあるのか聞く」（※不機嫌時は拒否される話題） ＞ 話題選択ボタン,選択肢ラベル,その身体で、夜に眠ったり夢を見たりすることはあるのか聞く,,,
p2_sleep_and_dreams::spokenText,3. Phase2 [雑談] タブ,話題「その身体で、夜に眠ったり夢を見たりすることはあるのか聞く」（※不機嫌時は拒否される話題） ＞ 1往復目（切り出し）,ガイのセリフ,その身体になってから、夜に眠ったり夢を見たりすることはあるのか？,,,
p2_sleep_and_dreams::aschText,3. Phase2 [雑談] タブ,話題「その身体で、夜に眠ったり夢を見たりすることはあるのか聞く」（※不機嫌時は拒否される話題） ＞ 1往復目（通常時の返答）,アッシュの返答（通常）,・・・・・・ない。音機関の出力を落として休止状態に入るだけだ。 ／ 目を閉じて、次に開けた時にはただ時間が飛んでいる。夢なんてものは一度も見ない。,,表情:通常 (眉:困り/悲しみ / 目:伏せ / 口:閉じ),
p2_sleep_and_dreams::oralInfo.title,3. Phase2 [雑談] タブ,話題「その身体で、夜に眠ったり夢を見たりすることはあるのか聞く」（※不機嫌時は拒否される話題） ＞ 会話後に端末INFOへ追加される記録タイトル,端末INFOタイトル,休止モードと睡眠・夢の欠如,,,
p2_sleep_and_dreams::oralInfo.content,3. Phase2 [雑談] タブ,話題「その身体で、夜に眠ったり夢を見たりすることはあるのか聞く」（※不機嫌時は拒否される話題） ＞ 会話後に端末INFOへ追加される記録本文,端末INFO本文,本機体に生体的な睡眠機能および夢を見る機能は未実装。夜間は音機関の出力を低下させた休止状態へ移行するのみである。再起動のたびに胸部の駆動振動によって生身ではない現実を自覚させられている。,,,
p2_sleep_and_dreams::reply[p2_sleep_reply_wake_feeling]::thoughtText,3. Phase2 [雑談] タブ,話題「その身体で、夜に眠ったり夢を見たりすることはあるのか聞く」（※不機嫌時は拒否される話題） ＞ 選択肢(1/1)「「目が覚めた時、変な感じがしないか？」と聞く」,選択肢ラベル,「目が覚めた時、変な感じがしないか？」と聞く,,,
p2_sleep_and_dreams::reply[p2_sleep_reply_wake_feeling]::spokenText,3. Phase2 [雑談] タブ,話題「その身体で、夜に眠ったり夢を見たりすることはあるのか聞く」（※不機嫌時は拒否される話題） ＞ 選択肢(1/1)「「目が覚めた時、変な感じがしないか？」と聞く」,ガイのセリフ,そうか・・・・・・。目が覚めた時、変な感じがしないか？,,,
p2_sleep_and_dreams::reply[p2_sleep_reply_wake_feeling]::aschText,3. Phase2 [雑談] タブ,話題「その身体で、夜に眠ったり夢を見たりすることはあるのか聞く」（※不機嫌時は拒否される話題） ＞ 選択肢(1/1)「「目が覚めた時、変な感じがしないか？」と聞く」,アッシュの返答,・・・・・・ああ。意識が戻るたびに、胸の中で音機関が回る微かな振動だけが響く。 ／ ・・・・・・そのたびに、自分がもう人間じゃないことを嫌でも思い出させられる。,,表情:目逸らし (眉:困り/悲しみ / 目:伏せ / 口:への字),
p2_future_whereabouts::thoughtText,4. Phase2 [追求] タブ,話題「これからどうするつもりなのか、ディストの所へ戻るのか聞く」（※不機嫌時は拒否される話題） ＞ 話題選択ボタン,選択肢ラベル,これからどうするつもりなのか、ディストの所へ戻るのか聞く,,,
p2_future_whereabouts::spokenText,4. Phase2 [追求] タブ,話題「これからどうするつもりなのか、ディストの所へ戻るのか聞く」（※不機嫌時は拒否される話題） ＞ 1往復目（切り出し）,ガイのセリフ,おまえ、これからどうするつもりなんだ？　やっぱりディストの研究所へ戻る気か？,,,
p2_future_whereabouts::aschText,4. Phase2 [追求] タブ,話題「これからどうするつもりなのか、ディストの所へ戻るのか聞く」（※不機嫌時は拒否される話題） ＞ 1往復目（通常時の返答）,アッシュの返答（通常）,・・・・・・さあな。あんな騒がしい場所、好き好んで居座りたいわけじゃない。,,表情:目逸らし (眉:困り/悲しみ / 目:逸らし / 口:閉じ),
p2_future_whereabouts::reply[p2_future_reply_other_place]::thoughtText,4. Phase2 [追求] タブ,話題「これからどうするつもりなのか、ディストの所へ戻るのか聞く」（※不機嫌時は拒否される話題） ＞ 選択肢(1/1)「「じゃあ、どこか他に身を寄せる当てでもあるのか？」と聞く」,選択肢ラベル,「じゃあ、どこか他に身を寄せる当てでもあるのか？」と聞く,,,
p2_future_whereabouts::reply[p2_future_reply_other_place]::spokenText,4. Phase2 [追求] タブ,話題「これからどうするつもりなのか、ディストの所へ戻るのか聞く」（※不機嫌時は拒否される話題） ＞ 選択肢(1/1)「「じゃあ、どこか他に身を寄せる当てでもあるのか？」と聞く」,ガイのセリフ,じゃあ、どこか他に身を寄せる当てでもあるのか？,,,
p2_future_whereabouts::reply[p2_future_reply_other_place]::aschText,4. Phase2 [追求] タブ,話題「これからどうするつもりなのか、ディストの所へ戻るのか聞く」（※不機嫌時は拒否される話題） ＞ 選択肢(1/1)「「じゃあ、どこか他に身を寄せる当てでもあるのか？」と聞く」,アッシュの返答,・・・・・・ない。 ／ バチカルにも戻れん。騎士団にも俺の席はない。・・・・・・かといって、こんな身体でどこへ行けと言うんだ。,,表情:目逸らし (眉:困り/悲しみ / 目:伏せ / 口:への字),
p2_future_whereabouts::reply[p2_future_reply_other_place]::oralInfo.title,4. Phase2 [追求] タブ,話題「これからどうするつもりなのか、ディストの所へ戻るのか聞く」（※不機嫌時は拒否される話題） ＞ 選択肢(1/1)「「じゃあ、どこか他に身を寄せる当てでもあるのか？」と聞く」 ＞ 会話後に端末INFOへ追加される記録タイトル,端末INFOタイトル,帰属先の喪失と身の振り方への迷い,,,
p2_future_whereabouts::reply[p2_future_reply_other_place]::oralInfo.content,4. Phase2 [追求] タブ,話題「これからどうするつもりなのか、ディストの所へ戻るのか聞く」（※不機嫌時は拒否される話題） ＞ 選択肢(1/1)「「じゃあ、どこか他に身を寄せる当てでもあるのか？」と聞く」 ＞ 会話後に端末INFOへ追加される記録本文,端末INFO本文,発言：「バチカルにも戻れん。騎士団にも俺の席はない。・・・・・・かといって、こんな身体でどこへ行けと言うんだ。」 ／  ／ 【分析】 音素出力波形を解析。ディストの研究所への帰還を忌避する一方、バチカルの屋敷や神託の盾騎士団にも自身の居場所はないと強く認識しており、帰属先の完全な喪失による深い孤立波形を検出。,,,
p2_manor_memories::thoughtText,4. Phase2 [追求] タブ,話題「その10歳の姿を見ていると、屋敷にいた頃を思い出すと話す」（※不機嫌時は拒否される話題） ＞ 話題選択ボタン,選択肢ラベル,その10歳の姿を見ていると、屋敷にいた頃を思い出すと話す,,,
p2_manor_memories::spokenText,4. Phase2 [追求] タブ,話題「その10歳の姿を見ていると、屋敷にいた頃を思い出すと話す」（※不機嫌時は拒否される話題） ＞ 1往復目（切り出し）,ガイのセリフ,・・・・・・その10歳の姿を目の前にしていると、どうしてもファブレの屋敷にいた頃を思い出すよ。,,,
p2_manor_memories::aschText,4. Phase2 [追求] タブ,話題「その10歳の姿を見ていると、屋敷にいた頃を思い出すと話す」（※不機嫌時は拒否される話題） ＞ 1往復目（通常時の返答）,アッシュの返答（通常）,・・・・・・ふん。俺がヴァンに攫われる前のことか。,,表情:通常 (眉:通常 / 目:通常 / 口:閉じ),
p2_manor_memories::reply[p2_manor_reply_past_revenge]::thoughtText,4. Phase2 [追求] タブ,話題「その10歳の姿を見ていると、屋敷にいた頃を思い出すと話す」（※不機嫌時は拒否される話題） ＞ 選択肢(1/1)「「あの頃の俺は、復讐しようとずっと機会を窺っていた」と話す」,選択肢ラベル,「あの頃の俺は、復讐しようとずっと機会を窺っていた」と話す,,,
p2_manor_memories::reply[p2_manor_reply_past_revenge]::spokenText,4. Phase2 [追求] タブ,話題「その10歳の姿を見ていると、屋敷にいた頃を思い出すと話す」（※不機嫌時は拒否される話題） ＞ 選択肢(1/1)「「あの頃の俺は、復讐しようとずっと機会を窺っていた」と話す」,ガイのセリフ,ああ。あの頃の俺は、おまえたちファブレ一族を恨んで、隙あらば復讐しようとずっと機会を窺っていた。 ／ ・・・・・・まさか何年も経って、あの時と同じ姿のおまえとこうして向き合うことになるとはな。,,,
p2_manor_memories::reply[p2_manor_reply_past_revenge]::aschText,4. Phase2 [追求] タブ,話題「その10歳の姿を見ていると、屋敷にいた頃を思い出すと話す」（※不機嫌時は拒否される話題） ＞ 選択肢(1/1)「「あの頃の俺は、復讐しようとずっと機会を窺っていた」と話す」,アッシュの返答,・・・・・・おまえがそういう目で俺を見ていたことくらい、後から全部知った。 ／ ・・・・・・だからこそ、おまえの前では変に繕う気も起きないんだろうな。昔からおまえは、俺を甘やかすような人間じゃなかったからな。,,表情:目逸らし (眉:困り/悲しみ / 目:逸らし / 口:閉じ),
p2_manor_memories::reply[p2_manor_reply_past_revenge]::oralInfo.title,4. Phase2 [追求] タブ,話題「その10歳の姿を見ていると、屋敷にいた頃を思い出すと話す」（※不機嫌時は拒否される話題） ＞ 選択肢(1/1)「「あの頃の俺は、復讐しようとずっと機会を窺っていた」と話す」 ＞ 会話後に端末INFOへ追加される記録タイトル,端末INFOタイトル,ファブレ邸時代の因縁とガイに対する心理的距離,,,
p2_manor_memories::reply[p2_manor_reply_past_revenge]::oralInfo.content,4. Phase2 [追求] タブ,話題「その10歳の姿を見ていると、屋敷にいた頃を思い出すと話す」（※不機嫌時は拒否される話題） ＞ 選択肢(1/1)「「あの頃の俺は、復讐しようとずっと機会を窺っていた」と話す」 ＞ 会話後に端末INFOへ追加される記録本文,端末INFO本文,発言：「・・・・・・おまえがそういう目で俺を見ていたことくらい、後から全部知った。だからこそ、おまえの前では変に繕う気も起きないんだろうな。」 ／  ／ 【分析】 音素出力波形を解析。かつて復讐対象として自身を狙っていたガイの過去を把握した上で、同情や綺麗事を向けない相手だからこそ防衛機制が緩むという特異な信頼波形を検出。,,,
p2_eldrant_and_blank::thoughtText,4. Phase2 [追求] タブ,話題「3年前のエルドラントの後、どうなったのか聞く」（※不機嫌時は拒否される話題） ＞ 話題選択ボタン,選択肢ラベル,3年前のエルドラントの後、どうなったのか聞く,,,
p2_eldrant_and_blank::spokenText,4. Phase2 [追求] タブ,話題「3年前のエルドラントの後、どうなったのか聞く」（※不機嫌時は拒否される話題） ＞ 1往復目（切り出し）,ガイのセリフ,・・・・・・3年前のエルドラントの後、おまえがどうやって生き延びてディストの研究所にいたのか、ずっと気になっていたんだ。あそこで何が起きたか覚えているか？,,,
p2_eldrant_and_blank::aschText,4. Phase2 [追求] タブ,話題「3年前のエルドラントの後、どうなったのか聞く」（※不機嫌時は拒否される話題） ＞ 1往復目（通常時の返答）,アッシュの返答（通常）,・・・・・・崩れるエルドラントの中で、あいつ・・・・・・ルークが俺を抱えて、眩しい光の中で音素乖離を起こしたことまでは覚えている。 ／ ・・・・・・だが、その後のことは考えるな。妙に頭が重くなる。,,表情:目逸らし (眉:困り/悲しみ / 目:伏せ / 口:閉じ),
p2_eldrant_and_blank::reply[p2_eldrant_reply_step_in]::thoughtText,4. Phase2 [追求] タブ,話題「3年前のエルドラントの後、どうなったのか聞く」（※不機嫌時は拒否される話題） ＞ 選択肢(1/2)「タルロウAになるまでの2年間、何をしていたのか聞く」,選択肢ラベル,タルロウAになるまでの2年間、何をしていたのか聞く,,,
p2_eldrant_and_blank::reply[p2_eldrant_reply_step_in]::spokenText,4. Phase2 [追求] タブ,話題「3年前のエルドラントの後、どうなったのか聞く」（※不機嫌時は拒否される話題） ＞ 選択肢(1/2)「タルロウAになるまでの2年間、何をしていたのか聞く」,ガイのセリフ,エルドラントが崩れたのは3年前で、おまえがタルロウAになったのは1年前だろ？　その間の2年間、どこで何をしていたのかも覚えていないのか？,,,
p2_eldrant_and_blank::reply[p2_eldrant_reply_step_in]::aschText,4. Phase2 [追求] タブ,話題「3年前のエルドラントの後、どうなったのか聞く」（※不機嫌時は拒否される話題） ＞ 選択肢(1/2)「タルロウAになるまでの2年間、何をしていたのか聞く」,アッシュの返答,・・・・・・っ、くそ・・・・・・妙だな。その2年間のことだけ、頭の中に靄がかかったみたいに何も出てこない・・・・・・。 ／ ・・・・・・チッ、思い出そうとするとノイズが走る。この話はやめだ。,,表情:苦悶 (眉:苦悶 / 目:伏せ / 口:への字 / 効果:汗) 声:震え小声,
p2_eldrant_and_blank::reply[p2_eldrant_reply_step_in]::oralInfo.title,4. Phase2 [追求] タブ,話題「3年前のエルドラントの後、どうなったのか聞く」（※不機嫌時は拒否される話題） ＞ 選択肢(1/2)「タルロウAになるまでの2年間、何をしていたのか聞く」 ＞ 会話後に端末INFOへ追加される記録タイトル,端末INFOタイトル,空白の2年間に関する記憶欠落とノイズ反応,,,
p2_eldrant_and_blank::reply[p2_eldrant_reply_step_in]::oralInfo.content,4. Phase2 [追求] タブ,話題「3年前のエルドラントの後、どうなったのか聞く」（※不機嫌時は拒否される話題） ＞ 選択肢(1/2)「タルロウAになるまでの2年間、何をしていたのか聞く」 ＞ 会話後に端末INFOへ追加される記録本文,端末INFO本文,エルドラントでルークが音素乖離を起こした瞬間までは記憶しているものの、それから1年前に『タルロウA』として稼働するまでの2年間の記憶がすっぽりと欠落しており、参照しようとするとノイズが走ることが判明した。,,,
p2_eldrant_and_blank::reply[p2_eldrant_reply_back_off]::thoughtText,4. Phase2 [追求] タブ,話題「3年前のエルドラントの後、どうなったのか聞く」（※不機嫌時は拒否される話題） ＞ 選択肢(2/2)「「・・・・・・いや、無理に思い出させようとして悪かった」と引く」,選択肢ラベル,「・・・・・・いや、無理に思い出させようとして悪かった」と引く,,,
p2_eldrant_and_blank::reply[p2_eldrant_reply_back_off]::spokenText,4. Phase2 [追求] タブ,話題「3年前のエルドラントの後、どうなったのか聞く」（※不機嫌時は拒否される話題） ＞ 選択肢(2/2)「「・・・・・・いや、無理に思い出させようとして悪かった」と引く」,ガイのセリフ,・・・・・・そうか。無理に掘り返すようなことを聞いて悪かったよ。,,,
p2_eldrant_and_blank::reply[p2_eldrant_reply_back_off]::aschText,4. Phase2 [追求] タブ,話題「3年前のエルドラントの後、どうなったのか聞く」（※不機嫌時は拒否される話題） ＞ 選択肢(2/2)「「・・・・・・いや、無理に思い出させようとして悪かった」と引く」,アッシュの返答,・・・・・・ふん。過ぎたことをいつまでも蒸し返すな。,,表情:目逸らし (眉:困り/悲しみ / 目:逸らし / 口:閉じ),
p2_tarlow_broken_reason::thoughtText,4. Phase2 [追求] タブ,話題「2ヶ月前にタルロウAが壊れた理由に心当たりはないか聞く」（※不機嫌時は拒否される話題） ＞ 話題選択ボタン,選択肢ラベル,2ヶ月前にタルロウAが壊れた理由に心当たりはないか聞く,,,
p2_tarlow_broken_reason::spokenText,4. Phase2 [追求] タブ,話題「2ヶ月前にタルロウAが壊れた理由に心当たりはないか聞く」（※不機嫌時は拒否される話題） ＞ 1往復目（切り出し）,ガイのセリフ,・・・・・・なあ、アッシュ。さっき『2ヶ月前にタルロウAが壊れた理由は覚えていない』って言っていたよな。本当に、何があって壊れたのか少しも心当たりはないのか？,,,
p2_tarlow_broken_reason::aschText,4. Phase2 [追求] タブ,話題「2ヶ月前にタルロウAが壊れた理由に心当たりはないか聞く」（※不機嫌時は拒否される話題） ＞ 1往復目（通常時の返答）,アッシュの返答（通常）,・・・・・・っ、ぐ・・・・・・ッ！！　な、なんだ・・・・・・急に頭の中が・・・・・・っ！ ／ ・・・・・・やめろ、それ以上聞くな・・・・・・っ！　考えようとすると、思考回路が焼き切れそうになる・・・・・・っ！,,表情:苦悶 (眉:苦悶 / 目:苦悶閉じ / 口:食いしばり / 効果:青ざめ+汗+ノイズ) 声:震え+ノイズ→大声+ノイズ,
p2_tarlow_broken_reason::reply[p2_broken_reply_rest]::thoughtText,4. Phase2 [追求] タブ,話題「2ヶ月前にタルロウAが壊れた理由に心当たりはないか聞く」（※不機嫌時は拒否される話題） ＞ 選択肢(1/2)「無理に思い出さなくていい、今は休めと声をかける」,選択肢ラベル,無理に思い出さなくていい、今は休めと声をかける,,,
p2_tarlow_broken_reason::reply[p2_broken_reply_rest]::spokenText,4. Phase2 [追求] タブ,話題「2ヶ月前にタルロウAが壊れた理由に心当たりはないか聞く」（※不機嫌時は拒否される話題） ＞ 選択肢(1/2)「無理に思い出さなくていい、今は休めと声をかける」,ガイのセリフ,・・・・・・おい、大丈夫か！？　悪かった、もう何も聞かないから今は黙って休め！,,,
p2_tarlow_broken_reason::reply[p2_broken_reply_rest]::aschText,4. Phase2 [追求] タブ,話題「2ヶ月前にタルロウAが壊れた理由に心当たりはないか聞く」（※不機嫌時は拒否される話題） ＞ 選択肢(1/2)「無理に思い出さなくていい、今は休めと声をかける」,アッシュの返答,・・・・・・はぁ、はぁ・・・・・・チッ、うるさい・・・・・・ただの初期不良だ。大騒ぎするな・・・・・・っ。,,表情:目逸らし (眉:苦悶 / 目:伏せ / 口:への字 / 効果:青ざめ+汗) 声:震え小声,
p2_tarlow_broken_reason::reply[p2_broken_reply_lock_suspect]::thoughtText,4. Phase2 [追求] タブ,話題「2ヶ月前にタルロウAが壊れた理由に心当たりはないか聞く」（※不機嫌時は拒否される話題） ＞ 選択肢(2/2)「ディストの奴、その記憶にもロックをかけてやがるのかと呟く」,選択肢ラベル,ディストの奴、その記憶にもロックをかけてやがるのかと呟く,,,
p2_tarlow_broken_reason::reply[p2_broken_reply_lock_suspect]::spokenText,4. Phase2 [追求] タブ,話題「2ヶ月前にタルロウAが壊れた理由に心当たりはないか聞く」（※不機嫌時は拒否される話題） ＞ 選択肢(2/2)「ディストの奴、その記憶にもロックをかけてやがるのかと呟く」,ガイのセリフ,・・・・・・おい、無理をするな！　・・・・・・ディストの奴、2ヶ月前の記憶にも強固なロックをかけてやがるのか・・・・・・。,,,
p2_tarlow_broken_reason::reply[p2_broken_reply_lock_suspect]::aschText,4. Phase2 [追求] タブ,話題「2ヶ月前にタルロウAが壊れた理由に心当たりはないか聞く」（※不機嫌時は拒否される話題） ＞ 選択肢(2/2)「ディストの奴、その記憶にもロックをかけてやがるのかと呟く」,アッシュの返答,・・・・・・はぁ、はぁ・・・・・・知らん。あいつが俺の頭の中をどう弄ったかなど、俺が知るわけないだろう・・・・・・っ。,,表情:目逸らし (眉:苦悶 / 目:逸らし / 口:食いしばり / 効果:青ざめ+汗) 声:震え小声,
p2_deep_truth_dilemma::thoughtText,5. Phase2 [端末] タブ,話題「【DP-002/003】『記憶の分離と自壊』の真実に触れる」 ＞ 話題選択ボタン,選択肢ラベル,【DP-002/003】『記憶の分離と自壊』の真実に触れる,,,
p2_deep_truth_dilemma::spokenText,5. Phase2 [端末] タブ,話題「【DP-002/003】『記憶の分離と自壊』の真実に触れる」 ＞ 1往復目（切り出し）,ガイのセリフ,・・・・・・なあ、アッシュ。さっきから少し考え事をしていたんだが・・・・・・今のままディストの研究所とここを往復するばかりで、おまえ自身は本当にそれでいいのか？,,,
p2_deep_truth_dilemma::aschText,5. Phase2 [端末] タブ,話題「【DP-002/003】『記憶の分離と自壊』の真実に触れる」 ＞ 1往復目（通常時の返答）,アッシュの返答（通常）,・・・・・・なんだ、藪から棒に。さっきから妙に神妙なツラをして、こっちの顔をジロジロ見やがって。 ／ 言いたいことがあるなら、回りくどい真似をせずにはっきり言え。,,表情:通常 (眉:訝しみ / 目:通常 / 口:閉じ),
p2_deep_truth_dilemma::reply[p2_dilemma_pattern_a]::thoughtText,5. Phase2 [端末] タブ,話題「【DP-002/003】『記憶の分離と自壊』の真実に触れる」 ＞ 選択肢(1/3)「記録は伏せ「ルークが戻れたのはおまえのおかげだ」と労う」,選択肢ラベル,記録は伏せ「ルークが戻れたのはおまえのおかげだ」と労う,,,
p2_deep_truth_dilemma::reply[p2_dilemma_pattern_a]::spokenText,5. Phase2 [端末] タブ,話題「【DP-002/003】『記憶の分離と自壊』の真実に触れる」 ＞ 選択肢(1/3)「記録は伏せ「ルークが戻れたのはおまえのおかげだ」と労う」,ガイのセリフ,・・・・・・いや、おまえが覚えていないならそれでいいんだ。ただ・・・・・・1年前にルークがタタル渓谷へ戻ってこられたのは、おまえのおかげだったんだなと思ってさ。,,,
p2_deep_truth_dilemma::reply[p2_dilemma_pattern_a]::aschText,5. Phase2 [端末] タブ,話題「【DP-002/003】『記憶の分離と自壊』の真実に触れる」 ＞ 選択肢(1/3)「記録は伏せ「ルークが戻れたのはおまえのおかげだ」と労う」,アッシュの返答,・・・・・・は？　何の話だ、気色の悪い。 ／ 俺があいつのために何かした覚えなどない。勝手に妙な感謝をするな。,,表情:目逸らし (眉:訝しみ / 目:逸らし / 口:への字),
p2_deep_truth_dilemma::reply[p2_dilemma_pattern_a]::reply[p2_dilemma_a_step2_warm]::thoughtText,5. Phase2 [端末] タブ,話題「【DP-002/003】『記憶の分離と自壊』の真実に触れる」 ＞ 選択肢(1/3)「記録は伏せ「ルークが戻れたのはおまえのおかげだ」と労う」 ＞ 選択肢(1/2)「「おまえが消えずに生きていることも良かったと思う」」,選択肢ラベル,「おまえが消えずに生きていることも良かったと思う」,,,
p2_deep_truth_dilemma::reply[p2_dilemma_pattern_a]::reply[p2_dilemma_a_step2_warm]::spokenText,5. Phase2 [端末] タブ,話題「【DP-002/003】『記憶の分離と自壊』の真実に触れる」 ＞ 選択肢(1/3)「記録は伏せ「ルークが戻れたのはおまえのおかげだ」と労う」 ＞ 選択肢(1/2)「「おまえが消えずに生きていることも良かったと思う」」,ガイのセリフ,感謝くらいさせろよ。おまえは覚えていなくても、おまえがどれだけ苦しんであいつの居場所を守ろうとしたか、俺には分かる。 ／ ・・・・・・それに、どんな形であれ、おまえが今こうして消えずに生きていることも、俺は本当に良かったと思ってるよ。,,,
p2_deep_truth_dilemma::reply[p2_dilemma_pattern_a]::reply[p2_dilemma_a_step2_warm]::aschText,5. Phase2 [端末] タブ,話題「【DP-002/003】『記憶の分離と自壊』の真実に触れる」 ＞ 選択肢(1/3)「記録は伏せ「ルークが戻れたのはおまえのおかげだ」と労う」 ＞ 選択肢(1/2)「「おまえが消えずに生きていることも良かったと思う」」,アッシュの返答,・・・・・・っ、ば、馬鹿か貴様は・・・・・・！　こんな10歳のガキみたいな機械の身体で生き恥を晒しているどこが良かっただ・・・・・・。 ／ ・・・・・・だが、まあ・・・・・・おまえがどうしてもそう思い込みたいなら、好きにしろ。,,表情:目逸らし (眉:困り/悲しみ / 目:逸らし / 口:への字 / 効果:赤面+汗),
p2_deep_truth_dilemma::reply[p2_dilemma_pattern_a]::reply[p2_dilemma_a_step2_warm]::reply[p2_dilemma_a_step3_never_break]::thoughtText,5. Phase2 [端末] タブ,話題「【DP-002/003】『記憶の分離と自壊』の真実に触れる」 ＞ 選択肢(1/3)「記録は伏せ「ルークが戻れたのはおまえのおかげだ」と労う」 ＞ 選択肢(1/2)「「おまえが消えずに生きていることも良かったと思う」」 ＞ 選択肢(1/2)「「二度と自分の身体を壊すような真似はするなよ」」,選択肢ラベル,「二度と自分の身体を壊すような真似はするなよ」,,,
p2_deep_truth_dilemma::reply[p2_dilemma_pattern_a]::reply[p2_dilemma_a_step2_warm]::reply[p2_dilemma_a_step3_never_break]::spokenText,5. Phase2 [端末] タブ,話題「【DP-002/003】『記憶の分離と自壊』の真実に触れる」 ＞ 選択肢(1/3)「記録は伏せ「ルークが戻れたのはおまえのおかげだ」と労う」 ＞ 選択肢(1/2)「「おまえが消えずに生きていることも良かったと思う」」 ＞ 選択肢(1/2)「「二度と自分の身体を壊すような真似はするなよ」」,ガイのセリフ,・・・・・・ああ、そうだな。とにかく、理由がどうであれ、もう二度と自分の身体を壊すような真似だけはするなよ。 ／ ディストの研究所が息苦しくなったら、いつでもここへ茶を飲みにくればいい。,,,
p2_deep_truth_dilemma::reply[p2_dilemma_pattern_a]::reply[p2_dilemma_a_step2_warm]::reply[p2_dilemma_a_step3_never_break]::aschText,5. Phase2 [端末] タブ,話題「【DP-002/003】『記憶の分離と自壊』の真実に触れる」 ＞ 選択肢(1/3)「記録は伏せ「ルークが戻れたのはおまえのおかげだ」と労う」 ＞ 選択肢(1/2)「「おまえが消えずに生きていることも良かったと思う」」 ＞ 選択肢(1/2)「「二度と自分の身体を壊すような真似はするなよ」」,アッシュの返答,・・・・・・ふん、誰が来るか。馬鹿にするな。 ／ ・・・・・・だが、おまえの淹れる茶がもう少しマシになったら、暇つぶしに寄ってやらなくもない。,,表情:通常 (眉:柔和 / 目:逸らし / 口:閉じ / 効果:赤面),
p2_deep_truth_dilemma::reply[p2_dilemma_pattern_a]::reply[p2_dilemma_a_step2_warm]::reply[p2_dilemma_a_step3_never_break]::oralInfo.title,5. Phase2 [端末] タブ,話題「【DP-002/003】『記憶の分離と自壊』の真実に触れる」 ＞ 選択肢(1/3)「記録は伏せ「ルークが戻れたのはおまえのおかげだ」と労う」 ＞ 選択肢(1/2)「「おまえが消えずに生きていることも良かったと思う」」 ＞ 選択肢(1/2)「「二度と自分の身体を壊すような真似はするなよ」」 ＞ 会話後に端末INFOへ追加される記録タイトル,端末INFOタイトル,封印記録の秘匿と対象機体の精神的安定,,,
p2_deep_truth_dilemma::reply[p2_dilemma_pattern_a]::reply[p2_dilemma_a_step2_warm]::reply[p2_dilemma_a_step3_never_break]::oralInfo.content,5. Phase2 [端末] タブ,話題「【DP-002/003】『記憶の分離と自壊』の真実に触れる」 ＞ 選択肢(1/3)「記録は伏せ「ルークが戻れたのはおまえのおかげだ」と労う」 ＞ 選択肢(1/2)「「おまえが消えずに生きていることも良かったと思う」」 ＞ 選択肢(1/2)「「二度と自分の身体を壊すような真似はするなよ」」 ＞ 会話後に端末INFOへ追加される記録本文,端末INFO本文,ガイは端末で閲覧した記憶分離および自壊未遂の記録を対象に明かさず、胸の内に秘めたまま献身を労う選択を取った。対象は反発しつつも高い精神安定性を示している。,,,
p2_deep_truth_dilemma::reply[p2_dilemma_pattern_a]::reply[p2_dilemma_a_step2_warm]::reply[p2_dilemma_a_step3_keep_quiet]::thoughtText,5. Phase2 [端末] タブ,話題「【DP-002/003】『記憶の分離と自壊』の真実に触れる」 ＞ 選択肢(1/3)「記録は伏せ「ルークが戻れたのはおまえのおかげだ」と労う」 ＞ 選択肢(1/2)「「おまえが消えずに生きていることも良かったと思う」」 ＞ 選択肢(2/2)「「思い出したくないことは俺の胸にしまっておくよ」」,選択肢ラベル,「思い出したくないことは俺の胸にしまっておくよ」,,,
p2_deep_truth_dilemma::reply[p2_dilemma_pattern_a]::reply[p2_dilemma_a_step2_warm]::reply[p2_dilemma_a_step3_keep_quiet]::spokenText,5. Phase2 [端末] タブ,話題「【DP-002/003】『記憶の分離と自壊』の真実に触れる」 ＞ 選択肢(1/3)「記録は伏せ「ルークが戻れたのはおまえのおかげだ」と労う」 ＞ 選択肢(1/2)「「おまえが消えずに生きていることも良かったと思う」」 ＞ 選択肢(2/2)「「思い出したくないことは俺の胸にしまっておくよ」」,ガイのセリフ,・・・・・・ああ。おまえが思い出したくないことも、言いたくないことも、全部俺の胸の内にしまっておくよ。誰にも話すつもりはない。,,,
p2_deep_truth_dilemma::reply[p2_dilemma_pattern_a]::reply[p2_dilemma_a_step2_warm]::reply[p2_dilemma_a_step3_keep_quiet]::aschText,5. Phase2 [端末] タブ,話題「【DP-002/003】『記憶の分離と自壊』の真実に触れる」 ＞ 選択肢(1/3)「記録は伏せ「ルークが戻れたのはおまえのおかげだ」と労う」 ＞ 選択肢(1/2)「「おまえが消えずに生きていることも良かったと思う」」 ＞ 選択肢(2/2)「「思い出したくないことは俺の胸にしまっておくよ」」,アッシュの返答,・・・・・・最初からそうしろ。おまえは昔から、余計なところにばかり首を突っ込みすぎるんだ。 ／ ・・・・・・だが、まあ・・・・・・悪くはなかった。,,表情:目逸らし (眉:通常 / 目:逸らし / 口:閉じ / 効果:赤面),
p2_deep_truth_dilemma::reply[p2_dilemma_pattern_a]::reply[p2_dilemma_a_step2_warm]::reply[p2_dilemma_a_step3_keep_quiet]::oralInfo.title,5. Phase2 [端末] タブ,話題「【DP-002/003】『記憶の分離と自壊』の真実に触れる」 ＞ 選択肢(1/3)「記録は伏せ「ルークが戻れたのはおまえのおかげだ」と労う」 ＞ 選択肢(1/2)「「おまえが消えずに生きていることも良かったと思う」」 ＞ 選択肢(2/2)「「思い出したくないことは俺の胸にしまっておくよ」」 ＞ 会話後に端末INFOへ追加される記録タイトル,端末INFOタイトル,封印記録の秘匿と対象機体の精神的安定,,,
p2_deep_truth_dilemma::reply[p2_dilemma_pattern_a]::reply[p2_dilemma_a_step2_warm]::reply[p2_dilemma_a_step3_keep_quiet]::oralInfo.content,5. Phase2 [端末] タブ,話題「【DP-002/003】『記憶の分離と自壊』の真実に触れる」 ＞ 選択肢(1/3)「記録は伏せ「ルークが戻れたのはおまえのおかげだ」と労う」 ＞ 選択肢(1/2)「「おまえが消えずに生きていることも良かったと思う」」 ＞ 選択肢(2/2)「「思い出したくないことは俺の胸にしまっておくよ」」 ＞ 会話後に端末INFOへ追加される記録本文,端末INFO本文,ガイは端末で閲覧した記憶分離および自壊未遂の記録を対象に明かさず、胸の内に秘めたまま献身を労う選択を取った。対象は反発しつつも高い精神安定性を示している。,,,
p2_deep_truth_dilemma::reply[p2_dilemma_pattern_a]::reply[p2_dilemma_a_step2_past_avenger]::thoughtText,5. Phase2 [端末] タブ,話題「【DP-002/003】『記憶の分離と自壊』の真実に触れる」 ＞ 選択肢(1/3)「記録は伏せ「ルークが戻れたのはおまえのおかげだ」と労う」 ＞ 選択肢(2/2)「「復讐を狙っていた俺が言うのも虫がいいよな」と吐露する」,選択肢ラベル,「復讐を狙っていた俺が言うのも虫がいいよな」と吐露する,,,
p2_deep_truth_dilemma::reply[p2_dilemma_pattern_a]::reply[p2_dilemma_a_step2_past_avenger]::spokenText,5. Phase2 [端末] タブ,話題「【DP-002/003】『記憶の分離と自壊』の真実に触れる」 ＞ 選択肢(1/3)「記録は伏せ「ルークが戻れたのはおまえのおかげだ」と労う」 ＞ 選択肢(2/2)「「復讐を狙っていた俺が言うのも虫がいいよな」と吐露する」,ガイのセリフ,・・・・・・昔、ファブレ公爵家で復讐の機会ばかり窺っていた俺がこんなことを言うのは、虫が良すぎるよな。 ／ それでも、おまえが全部ひとりで背負って消えようとしていたなんて知ったら、知らん顔なんてできないだろ。,,,
p2_deep_truth_dilemma::reply[p2_dilemma_pattern_a]::reply[p2_dilemma_a_step2_past_avenger]::aschText,5. Phase2 [端末] タブ,話題「【DP-002/003】『記憶の分離と自壊』の真実に触れる」 ＞ 選択肢(1/3)「記録は伏せ「ルークが戻れたのはおまえのおかげだ」と労う」 ＞ 選択肢(2/2)「「復讐を狙っていた俺が言うのも虫がいいよな」と吐露する」,アッシュの返答,・・・・・・ふん。今さら昔の復讐の話など持ち出すな。おまえが何を背負ってあの屋敷にいたかなど、とっくに知っている。 ／ ・・・・・・俺に同情する暇があるなら、自分の心配でもしていろ。,,表情:目逸らし (眉:困り/悲しみ / 目:伏せ / 口:閉じ),
p2_deep_truth_dilemma::reply[p2_dilemma_pattern_a]::reply[p2_dilemma_a_step2_past_avenger]::reply[p2_dilemma_a_step3_avenger_reply]::thoughtText,5. Phase2 [端末] タブ,話題「【DP-002/003】『記憶の分離と自壊』の真実に触れる」 ＞ 選択肢(1/3)「記録は伏せ「ルークが戻れたのはおまえのおかげだ」と労う」 ＞ 選択肢(2/2)「「復讐を狙っていた俺が言うのも虫がいいよな」と吐露する」 ＞ 選択肢(1/1)「「同情じゃない。二度と自分を壊す無茶はするなよ」」,選択肢ラベル,「同情じゃない。二度と自分を壊す無茶はするなよ」,,,
p2_deep_truth_dilemma::reply[p2_dilemma_pattern_a]::reply[p2_dilemma_a_step2_past_avenger]::reply[p2_dilemma_a_step3_avenger_reply]::spokenText,5. Phase2 [端末] タブ,話題「【DP-002/003】『記憶の分離と自壊』の真実に触れる」 ＞ 選択肢(1/3)「記録は伏せ「ルークが戻れたのはおまえのおかげだ」と労う」 ＞ 選択肢(2/2)「「復讐を狙っていた俺が言うのも虫がいいよな」と吐露する」 ＞ 選択肢(1/1)「「同情じゃない。二度と自分を壊す無茶はするなよ」」,ガイのセリフ,同情なんかじゃないさ。・・・・・・ただ、もう二度と自分を壊すような無茶だけはするなよ。それだけは約束してくれ。,,,
p2_deep_truth_dilemma::reply[p2_dilemma_pattern_a]::reply[p2_dilemma_a_step2_past_avenger]::reply[p2_dilemma_a_step3_avenger_reply]::aschText,5. Phase2 [端末] タブ,話題「【DP-002/003】『記憶の分離と自壊』の真実に触れる」 ＞ 選択肢(1/3)「記録は伏せ「ルークが戻れたのはおまえのおかげだ」と労う」 ＞ 選択肢(2/2)「「復讐を狙っていた俺が言うのも虫がいいよな」と吐露する」 ＞ 選択肢(1/1)「「同情じゃない。二度と自分を壊す無茶はするなよ」」,アッシュの返答,・・・・・・しつこい奴だな。勝手に壊れたりしないから、そんな面倒な顔をさっさと引っ込めろ。,,表情:目逸らし (眉:通常 / 目:逸らし / 口:閉じ / 効果:赤面),
p2_deep_truth_dilemma::reply[p2_dilemma_pattern_a]::reply[p2_dilemma_a_step2_past_avenger]::reply[p2_dilemma_a_step3_avenger_reply]::oralInfo.title,5. Phase2 [端末] タブ,話題「【DP-002/003】『記憶の分離と自壊』の真実に触れる」 ＞ 選択肢(1/3)「記録は伏せ「ルークが戻れたのはおまえのおかげだ」と労う」 ＞ 選択肢(2/2)「「復讐を狙っていた俺が言うのも虫がいいよな」と吐露する」 ＞ 選択肢(1/1)「「同情じゃない。二度と自分を壊す無茶はするなよ」」 ＞ 会話後に端末INFOへ追加される記録タイトル,端末INFOタイトル,封印記録の秘匿と対象機体の精神的安定,,,
p2_deep_truth_dilemma::reply[p2_dilemma_pattern_a]::reply[p2_dilemma_a_step2_past_avenger]::reply[p2_dilemma_a_step3_avenger_reply]::oralInfo.content,5. Phase2 [端末] タブ,話題「【DP-002/003】『記憶の分離と自壊』の真実に触れる」 ＞ 選択肢(1/3)「記録は伏せ「ルークが戻れたのはおまえのおかげだ」と労う」 ＞ 選択肢(2/2)「「復讐を狙っていた俺が言うのも虫がいいよな」と吐露する」 ＞ 選択肢(1/1)「「同情じゃない。二度と自分を壊す無茶はするなよ」」 ＞ 会話後に端末INFOへ追加される記録本文,端末INFO本文,ガイは端末で閲覧した記憶分離および自壊未遂の記録を対象に明かさず、胸の内に秘めたまま献身を労う選択を取った。対象は反発しつつも高い精神安定性を示している。,,,
p2_deep_truth_dilemma::reply[p2_dilemma_pattern_b]::thoughtText,5. Phase2 [端末] タブ,話題「【DP-002/003】『記憶の分離と自壊』の真実に触れる」 ＞ 選択肢(2/3)「「2ヶ月前に壊れたのは無茶をしたせいでは」と探る」,選択肢ラベル,「2ヶ月前に壊れたのは無茶をしたせいでは」と探る,,,
p2_deep_truth_dilemma::reply[p2_dilemma_pattern_b]::spokenText,5. Phase2 [端末] タブ,話題「【DP-002/003】『記憶の分離と自壊』の真実に触れる」 ＞ 選択肢(2/3)「「2ヶ月前に壊れたのは無茶をしたせいでは」と探る」,ガイのセリフ,・・・・・・さっき、2ヶ月前にタルロウAの機体が壊れた時のことを聞いた時、ひどく苦しそうにしていただろ。 ／ あれは初期不良でもディストの実験でもなくて、おまえ自身が何か無茶をしたせいだったんじゃないのか？,,,
p2_deep_truth_dilemma::reply[p2_dilemma_pattern_b]::aschText,5. Phase2 [端末] タブ,話題「【DP-002/003】『記憶の分離と自壊』の真実に触れる」 ＞ 選択肢(2/3)「「2ヶ月前に壊れたのは無茶をしたせいでは」と探る」,アッシュの返答,・・・・・・チッ、まだその話を蒸し返す気か。 ／ あの変態が俺の機体を弄くり回すのは今に始まったことじゃないが・・・・・・あの時の損傷は、あいつのせいじゃない。理由は思い出せんが、俺自身の問題だ。,,表情:目逸らし (眉:困り/悲しみ / 目:逸らし / 口:への字),
p2_deep_truth_dilemma::reply[p2_dilemma_pattern_b]::reply[p2_dilemma_b_step2_selfharm]::thoughtText,5. Phase2 [端末] タブ,話題「【DP-002/003】『記憶の分離と自壊』の真実に触れる」 ＞ 選択肢(2/3)「「2ヶ月前に壊れたのは無茶をしたせいでは」と探る」 ＞ 選択肢(1/2)「「まさか自分で自分の機体を壊そうとしたのか」と迫る」,選択肢ラベル,「まさか自分で自分の機体を壊そうとしたのか」と迫る,,,
p2_deep_truth_dilemma::reply[p2_dilemma_pattern_b]::reply[p2_dilemma_b_step2_selfharm]::spokenText,5. Phase2 [端末] タブ,話題「【DP-002/003】『記憶の分離と自壊』の真実に触れる」 ＞ 選択肢(2/3)「「2ヶ月前に壊れたのは無茶をしたせいでは」と探る」 ＞ 選択肢(1/2)「「まさか自分で自分の機体を壊そうとしたのか」と迫る」,ガイのセリフ,・・・・・・おまえ自身の問題って、どういう意味だ？　外敵に襲われたわけでも、ディストの実験でもないなら・・・・・・まさかおまえ、自分で自分の機体を壊そうとしたんじゃないだろうな。,,,
p2_deep_truth_dilemma::reply[p2_dilemma_pattern_b]::reply[p2_dilemma_b_step2_selfharm]::aschText,5. Phase2 [端末] タブ,話題「【DP-002/003】『記憶の分離と自壊』の真実に触れる」 ＞ 選択肢(2/3)「「2ヶ月前に壊れたのは無茶をしたせいでは」と探る」 ＞ 選択肢(1/2)「「まさか自分で自分の機体を壊そうとしたのか」と迫る」,アッシュの返答,・・・・・・っ！？　な、何を根拠にそんなことを言う・・・・・・！ ／ 俺が自分で自分を壊すわけがないだろう・・・・・・と言いたいところだが、妙だな。おまえにそう言われた途端、胸の奥がざわつく・・・・・・。,,表情:動揺/驚き (眉:苦悶 / 目:見開き / 口:への字 / 効果:汗) 声:震え小声,
p2_deep_truth_dilemma::reply[p2_dilemma_pattern_b]::reply[p2_dilemma_b_step2_selfharm]::reply[p2_dilemma_b_step3_dont_throw_away]::thoughtText,5. Phase2 [端末] タブ,話題「【DP-002/003】『記憶の分離と自壊』の真実に触れる」 ＞ 選択肢(2/3)「「2ヶ月前に壊れたのは無茶をしたせいでは」と探る」 ＞ 選択肢(1/2)「「まさか自分で自分の機体を壊そうとしたのか」と迫る」 ＞ 選択肢(1/2)「「機械だからって粗末にするな。消えたら悲しむ奴がいる」」,選択肢ラベル,「機械だからって粗末にするな。消えたら悲しむ奴がいる」,,,
p2_deep_truth_dilemma::reply[p2_dilemma_pattern_b]::reply[p2_dilemma_b_step2_selfharm]::reply[p2_dilemma_b_step3_dont_throw_away]::spokenText,5. Phase2 [端末] タブ,話題「【DP-002/003】『記憶の分離と自壊』の真実に触れる」 ＞ 選択肢(2/3)「「2ヶ月前に壊れたのは無茶をしたせいでは」と探る」 ＞ 選択肢(1/2)「「まさか自分で自分の機体を壊そうとしたのか」と迫る」 ＞ 選択肢(1/2)「「機械だからって粗末にするな。消えたら悲しむ奴がいる」」,ガイのセリフ,・・・・・・やっぱりそうだったのか。いいか、機械の身体だからって自分を粗末にするなよ。今ここにいるおまえが消えたら、後味の悪い思いをする人間がここにいるんだからな。,,,
p2_deep_truth_dilemma::reply[p2_dilemma_pattern_b]::reply[p2_dilemma_b_step2_selfharm]::reply[p2_dilemma_b_step3_dont_throw_away]::aschText,5. Phase2 [端末] タブ,話題「【DP-002/003】『記憶の分離と自壊』の真実に触れる」 ＞ 選択肢(2/3)「「2ヶ月前に壊れたのは無茶をしたせいでは」と探る」 ＞ 選択肢(1/2)「「まさか自分で自分の機体を壊そうとしたのか」と迫る」 ＞ 選択肢(1/2)「「機械だからって粗末にするな。消えたら悲しむ奴がいる」」,アッシュの返答,・・・・・・っ、大げさなことを言うな！　俺はもう3年前にエルドラントで死んだ身だ。 ／ ・・・・・・だが、おまえにまでそんな顔をされるのは業腹だ。もう勝手に壊れたりしないから、その話は終わりにしろ。,,表情:目逸らし (眉:怒り / 目:逸らし / 口:閉じ / 効果:赤面),
p2_deep_truth_dilemma::reply[p2_dilemma_pattern_b]::reply[p2_dilemma_b_step2_selfharm]::reply[p2_dilemma_b_step3_dont_throw_away]::oralInfo.title,5. Phase2 [端末] タブ,話題「【DP-002/003】『記憶の分離と自壊』の真実に触れる」 ＞ 選択肢(2/3)「「2ヶ月前に壊れたのは無茶をしたせいでは」と探る」 ＞ 選択肢(1/2)「「まさか自分で自分の機体を壊そうとしたのか」と迫る」 ＞ 選択肢(1/2)「「機械だからって粗末にするな。消えたら悲しむ奴がいる」」 ＞ 会話後に端末INFOへ追加される記録タイトル,端末INFOタイトル,自壊未遂への遠回しな牽制と生存肯定,,,
p2_deep_truth_dilemma::reply[p2_dilemma_pattern_b]::reply[p2_dilemma_b_step2_selfharm]::reply[p2_dilemma_b_step3_dont_throw_away]::oralInfo.content,5. Phase2 [端末] タブ,話題「【DP-002/003】『記憶の分離と自壊』の真実に触れる」 ＞ 選択肢(2/3)「「2ヶ月前に壊れたのは無茶をしたせいでは」と探る」 ＞ 選択肢(1/2)「「まさか自分で自分の機体を壊そうとしたのか」と迫る」 ＞ 選択肢(1/2)「「機械だからって粗末にするな。消えたら悲しむ奴がいる」」 ＞ 会話後に端末INFOへ追加される記録本文,端末INFO本文,封印された記憶の詳細は伏せつつ、2ヶ月前の機体損傷（自壊未遂）について無茶をしないよう釘を刺した。対象は記憶の欠落に違和感を抱きながらも、ガイの制止を受け入れた。,,,
p2_deep_truth_dilemma::reply[p2_dilemma_pattern_b]::reply[p2_dilemma_b_step2_selfharm]::reply[p2_dilemma_b_step3_dist_lock]::thoughtText,5. Phase2 [端末] タブ,話題「【DP-002/003】『記憶の分離と自壊』の真実に触れる」 ＞ 選択肢(2/3)「「2ヶ月前に壊れたのは無茶をしたせいでは」と探る」 ＞ 選択肢(1/2)「「まさか自分で自分の機体を壊そうとしたのか」と迫る」 ＞ 選択肢(2/2)「「ディストのロックも無茶をさせないためかもな」と呟く」,選択肢ラベル,「ディストのロックも無茶をさせないためかもな」と呟く,,,
p2_deep_truth_dilemma::reply[p2_dilemma_pattern_b]::reply[p2_dilemma_b_step2_selfharm]::reply[p2_dilemma_b_step3_dist_lock]::spokenText,5. Phase2 [端末] タブ,話題「【DP-002/003】『記憶の分離と自壊』の真実に触れる」 ＞ 選択肢(2/3)「「2ヶ月前に壊れたのは無茶をしたせいでは」と探る」 ＞ 選択肢(1/2)「「まさか自分で自分の機体を壊そうとしたのか」と迫る」 ＞ 選択肢(2/2)「「ディストのロックも無茶をさせないためかもな」と呟く」,ガイのセリフ,・・・・・・あのディストが珍しくおまえの記憶に強固なロックをかけたのも、おまえがまた自分を傷つけるような無茶をしないためだったのかもしれないな。,,,
p2_deep_truth_dilemma::reply[p2_dilemma_pattern_b]::reply[p2_dilemma_b_step2_selfharm]::reply[p2_dilemma_b_step3_dist_lock]::aschText,5. Phase2 [端末] タブ,話題「【DP-002/003】『記憶の分離と自壊』の真実に触れる」 ＞ 選択肢(2/3)「「2ヶ月前に壊れたのは無茶をしたせいでは」と探る」 ＞ 選択肢(1/2)「「まさか自分で自分の機体を壊そうとしたのか」と迫る」 ＞ 選択肢(2/2)「「ディストのロックも無茶をさせないためかもな」と呟く」,アッシュの返答,・・・・・・ハッ、あの変態がそんな殊勝な理由で動くものか。どうせ貴重なサンプルを壊されたくなかっただけだろう。 ／ ・・・・・・まあいい。思い出せないことは、今の俺には必要のないことだ。,,表情:目逸らし (眉:困り/悲しみ / 目:逸らし / 口:閉じ),
p2_deep_truth_dilemma::reply[p2_dilemma_pattern_b]::reply[p2_dilemma_b_step2_selfharm]::reply[p2_dilemma_b_step3_dist_lock]::oralInfo.title,5. Phase2 [端末] タブ,話題「【DP-002/003】『記憶の分離と自壊』の真実に触れる」 ＞ 選択肢(2/3)「「2ヶ月前に壊れたのは無茶をしたせいでは」と探る」 ＞ 選択肢(1/2)「「まさか自分で自分の機体を壊そうとしたのか」と迫る」 ＞ 選択肢(2/2)「「ディストのロックも無茶をさせないためかもな」と呟く」 ＞ 会話後に端末INFOへ追加される記録タイトル,端末INFOタイトル,自壊未遂への遠回しな牽制と生存肯定,,,
p2_deep_truth_dilemma::reply[p2_dilemma_pattern_b]::reply[p2_dilemma_b_step2_selfharm]::reply[p2_dilemma_b_step3_dist_lock]::oralInfo.content,5. Phase2 [端末] タブ,話題「【DP-002/003】『記憶の分離と自壊』の真実に触れる」 ＞ 選択肢(2/3)「「2ヶ月前に壊れたのは無茶をしたせいでは」と探る」 ＞ 選択肢(1/2)「「まさか自分で自分の機体を壊そうとしたのか」と迫る」 ＞ 選択肢(2/2)「「ディストのロックも無茶をさせないためかもな」と呟く」 ＞ 会話後に端末INFOへ追加される記録本文,端末INFO本文,封印された記憶の詳細は伏せつつ、ディストによるロックの意図に言及した。対象は思い出せない過去を深追いしない姿勢を示している。,,,
p2_deep_truth_dilemma::reply[p2_dilemma_pattern_b]::reply[p2_dilemma_b_step2_body_change]::thoughtText,5. Phase2 [端末] タブ,話題「【DP-002/003】『記憶の分離と自壊』の真実に触れる」 ＞ 選択肢(2/3)「「2ヶ月前に壊れたのは無茶をしたせいでは」と探る」 ＞ 選択肢(2/2)「「今の身体に乗り換えて少しは落ち着いたか？」と聞く」,選択肢ラベル,「今の身体に乗り換えて少しは落ち着いたか？」と聞く,,,
p2_deep_truth_dilemma::reply[p2_dilemma_pattern_b]::reply[p2_dilemma_b_step2_body_change]::spokenText,5. Phase2 [端末] タブ,話題「【DP-002/003】『記憶の分離と自壊』の真実に触れる」 ＞ 選択肢(2/3)「「2ヶ月前に壊れたのは無茶をしたせいでは」と探る」 ＞ 選択肢(2/2)「「今の身体に乗り換えて少しは落ち着いたか？」と聞く」,ガイのセリフ,思い出せないなら無理にとは言わないよ。ただ、タルロウAから今の10歳の身体に乗り換えて、少しは気持ちも落ち着けたのか？,,,
p2_deep_truth_dilemma::reply[p2_dilemma_pattern_b]::reply[p2_dilemma_b_step2_body_change]::aschText,5. Phase2 [端末] タブ,話題「【DP-002/003】『記憶の分離と自壊』の真実に触れる」 ＞ 選択肢(2/3)「「2ヶ月前に壊れたのは無茶をしたせいでは」と探る」 ＞ 選択肢(2/2)「「今の身体に乗り換えて少しは落ち着いたか？」と聞く」,アッシュの返答,・・・・・・背が縮んで視線が低いのは相変わらず腹が立つがな。 ／ あの箱みたいな鉄塊に入っていた頃よりは、こうして手足が動く人間の形になっただけマシだ。,,表情:通常 (眉:通常 / 目:逸らし / 口:閉じ),
p2_deep_truth_dilemma::reply[p2_dilemma_pattern_b]::reply[p2_dilemma_b_step2_body_change]::reply[p2_dilemma_b_step3_take_care]::thoughtText,5. Phase2 [端末] タブ,話題「【DP-002/003】『記憶の分離と自壊』の真実に触れる」 ＞ 選択肢(2/3)「「2ヶ月前に壊れたのは無茶をしたせいでは」と探る」 ＞ 選択肢(2/2)「「今の身体に乗り換えて少しは落ち着いたか？」と聞く」 ＞ 選択肢(1/1)「「せっかく人間の形に戻れたんだ、壊すような無茶はするなよ」」,選択肢ラベル,「せっかく人間の形に戻れたんだ、壊すような無茶はするなよ」,,,
p2_deep_truth_dilemma::reply[p2_dilemma_pattern_b]::reply[p2_dilemma_b_step2_body_change]::reply[p2_dilemma_b_step3_take_care]::spokenText,5. Phase2 [端末] タブ,話題「【DP-002/003】『記憶の分離と自壊』の真実に触れる」 ＞ 選択肢(2/3)「「2ヶ月前に壊れたのは無茶をしたせいでは」と探る」 ＞ 選択肢(2/2)「「今の身体に乗り換えて少しは落ち着いたか？」と聞く」 ＞ 選択肢(1/1)「「せっかく人間の形に戻れたんだ、壊すような無茶はするなよ」」,ガイのセリフ,・・・・・・そうか。せっかく人間の形に戻れたんだ、もうその身体を壊すような無茶だけはするなよ。,,,
p2_deep_truth_dilemma::reply[p2_dilemma_pattern_b]::reply[p2_dilemma_b_step2_body_change]::reply[p2_dilemma_b_step3_take_care]::aschText,5. Phase2 [端末] タブ,話題「【DP-002/003】『記憶の分離と自壊』の真実に触れる」 ＞ 選択肢(2/3)「「2ヶ月前に壊れたのは無茶をしたせいでは」と探る」 ＞ 選択肢(2/2)「「今の身体に乗り換えて少しは落ち着いたか？」と聞く」 ＞ 選択肢(1/1)「「せっかく人間の形に戻れたんだ、壊すような無茶はするなよ」」,アッシュの返答,・・・・・・ふん、誰が無茶などするか。余計な心配をするな。,,表情:目逸らし (眉:通常 / 目:逸らし / 口:閉じ),
p2_deep_truth_dilemma::reply[p2_dilemma_pattern_c]::thoughtText,5. Phase2 [端末] タブ,話題「【DP-002/003】『記憶の分離と自壊』の真実に触れる」 ＞ 選択肢(3/3)「封印記録を突きつけ「消去される残り滓なのか！？」と迫る」,選択肢ラベル,封印記録を突きつけ「消去される残り滓なのか！？」と迫る,,,
p2_deep_truth_dilemma::reply[p2_dilemma_pattern_c]::spokenText,5. Phase2 [端末] タブ,話題「【DP-002/003】『記憶の分離と自壊』の真実に触れる」 ＞ 選択肢(3/3)「封印記録を突きつけ「消去される残り滓なのか！？」と迫る」,ガイのセリフ,・・・・・・隠さずに言うぞ、アッシュ。さっきこの端末の奥にあったディストの封印記録を見た。 ／ ルークと混ざり合った記憶をディストが音機関で2つに切り分けた・・・・・・そしておまえは、切り離されて消去されるはずだった記憶で、2ヶ月前にそれを知って自壊しようとしたって書いてあるじゃないか！！,,,
p2_deep_truth_dilemma::reply[p2_dilemma_pattern_c]::aschText,5. Phase2 [端末] タブ,話題「【DP-002/003】『記憶の分離と自壊』の真実に触れる」 ＞ 選択肢(3/3)「封印記録を突きつけ「消去される残り滓なのか！？」と迫る」,アッシュの返答,・・・・・・なっ！？　貴様、勝手にあの端末の奥をこじ開けたのか・・・・・・ッ！？ ／ ・・・・・・やめろ、そんな記録は知らん！！　人の頭の中を勝手に暴くな！！,,表情:動揺/驚き (眉:怒り / 目:見開き / 口:叫び / 効果:青ざめ+汗) 声:大声揺れ→大声+ノイズ,
p2_deep_truth_dilemma::reply[p2_dilemma_pattern_c]::reply[p2_dilemma_c_step2_panic_luke]::thoughtText,5. Phase2 [端末] タブ,話題「【DP-002/003】『記憶の分離と自壊』の真実に触れる」 ＞ 選択肢(3/3)「封印記録を突きつけ「消去される残り滓なのか！？」と迫る」 ＞ 選択肢(1/2)「「タタル渓谷へ戻ったルークも本物じゃないのか！？」」,選択肢ラベル,「タタル渓谷へ戻ったルークも本物じゃないのか！？」,,,
p2_deep_truth_dilemma::reply[p2_dilemma_pattern_c]::reply[p2_dilemma_c_step2_panic_luke]::spokenText,5. Phase2 [端末] タブ,話題「【DP-002/003】『記憶の分離と自壊』の真実に触れる」 ＞ 選択肢(3/3)「封印記録を突きつけ「消去される残り滓なのか！？」と迫る」 ＞ 選択肢(1/2)「「タタル渓谷へ戻ったルークも本物じゃないのか！？」」,ガイのセリフ,この端末の内部記録に全部残ってるんだよ！！ ／ ・・・・・・待てよ。もし混ざり合った記憶を音機関で2つに切り分けただけなら・・・・・・1年前にタタル渓谷へ帰ってきた『ルーク』は一体何なんだ！？　あいつも俺たちの知ってるルークじゃないのかよ・・・・・・！？,,,
p2_deep_truth_dilemma::reply[p2_dilemma_pattern_c]::reply[p2_dilemma_c_step2_panic_luke]::aschText,5. Phase2 [端末] タブ,話題「【DP-002/003】『記憶の分離と自壊』の真実に触れる」 ＞ 選択肢(3/3)「封印記録を突きつけ「消去される残り滓なのか！？」と迫る」 ＞ 選択肢(1/2)「「タタル渓谷へ戻ったルークも本物じゃないのか！？」」,アッシュの返答,・・・・・・っ、やめろ、ガイ！！　それ以上言うな・・・・・・ッ！！ ／ あいつは・・・・・・タタル渓谷へ戻ったあいつは本物に決まっているだろう！！　・・・・・・っ、ぐ、うあああっ！！　頭が・・・・・・またノイズが・・・・・・ッ！！,,表情:苦悶 (眉:苦悶 / 目:苦悶閉じ / 口:叫び / 効果:青ざめ+汗+ノイズ) 声:大声+ノイズ→震え+ノイズ,
p2_deep_truth_dilemma::reply[p2_dilemma_pattern_c]::reply[p2_dilemma_c_step2_panic_luke]::reply[p2_dilemma_c_step3_blame_asch]::thoughtText,5. Phase2 [端末] タブ,話題「【DP-002/003】『記憶の分離と自壊』の真実に触れる」 ＞ 選択肢(3/3)「封印記録を突きつけ「消去される残り滓なのか！？」と迫る」 ＞ 選択肢(1/2)「「タタル渓谷へ戻ったルークも本物じゃないのか！？」」 ＞ 選択肢(1/2)「「そんな自己犠牲も、ディストの切り分けもあんまりじゃないか！」」,選択肢ラベル,「そんな自己犠牲も、ディストの切り分けもあんまりじゃないか！」,,,
p2_deep_truth_dilemma::reply[p2_dilemma_pattern_c]::reply[p2_dilemma_c_step2_panic_luke]::reply[p2_dilemma_c_step3_blame_asch]::spokenText,5. Phase2 [端末] タブ,話題「【DP-002/003】『記憶の分離と自壊』の真実に触れる」 ＞ 選択肢(3/3)「封印記録を突きつけ「消去される残り滓なのか！？」と迫る」 ＞ 選択肢(1/2)「「タタル渓谷へ戻ったルークも本物じゃないのか！？」」 ＞ 選択肢(1/2)「「そんな自己犠牲も、ディストの切り分けもあんまりじゃないか！」」,ガイのセリフ,あんまりじゃないか、そんなの・・・・・・！　ルークを帰すために、おまえがひとりで記憶を切り離して、自分を壊そうとまでしていたなんて・・・・・・！ ／ しかも、こんな切り分け方をされたせいで、目の前のおまえも、タタル渓谷へ帰ってきたルークも、どこまでが本人なのか分からないなんて残酷すぎるだろ・・・・・・っ！！,,,
p2_deep_truth_dilemma::reply[p2_dilemma_pattern_c]::reply[p2_dilemma_c_step2_panic_luke]::reply[p2_dilemma_c_step3_blame_asch]::aschText,5. Phase2 [端末] タブ,話題「【DP-002/003】『記憶の分離と自壊』の真実に触れる」 ＞ 選択肢(3/3)「封印記録を突きつけ「消去される残り滓なのか！？」と迫る」 ＞ 選択肢(1/2)「「タタル渓谷へ戻ったルークも本物じゃないのか！？」」 ＞ 選択肢(1/2)「「そんな自己犠牲も、ディストの切り分けもあんまりじゃないか！」」,アッシュの返答,・・・・・・っ、うるさい、黙れ・・・・・・っ！！　俺にどうしろと言うんだ・・・・・・！！ ／ またあの研究所へ戻されて、自分が何なのかも分からないまま機械の身体を持て余すくらいなら、今ここでおまえの剣で俺を壊せ、ガイ・・・・・・ッ！！,,表情:苦悶 (眉:苦悶 / 目:見開き / 口:叫び / 効果:青ざめ+汗+涙+ノイズ) 声:大声+ノイズ→震え+ノイズ,
p2_deep_truth_dilemma::reply[p2_dilemma_pattern_c]::reply[p2_dilemma_c_step2_panic_luke]::reply[p2_dilemma_c_step3_blame_asch]::reply[p2_dilemma_c_step4_mercy_destroy]::thoughtText,5. Phase2 [端末] タブ,話題「【DP-002/003】『記憶の分離と自壊』の真実に触れる」 ＞ 選択肢(3/3)「封印記録を突きつけ「消去される残り滓なのか！？」と迫る」 ＞ 選択肢(1/2)「「タタル渓谷へ戻ったルークも本物じゃないのか！？」」 ＞ 選択肢(1/2)「「そんな自己犠牲も、ディストの切り分けもあんまりじゃないか！」」 ＞ 選択肢(1/2)「「・・・・・・分かった。おまえをこれ以上苦しませない」と剣を抜く」,選択肢ラベル,「・・・・・・分かった。おまえをこれ以上苦しませない」と剣を抜く,,,
p2_deep_truth_dilemma::reply[p2_dilemma_pattern_c]::reply[p2_dilemma_c_step2_panic_luke]::reply[p2_dilemma_c_step3_blame_asch]::reply[p2_dilemma_c_step4_mercy_destroy]::spokenText,5. Phase2 [端末] タブ,話題「【DP-002/003】『記憶の分離と自壊』の真実に触れる」 ＞ 選択肢(3/3)「封印記録を突きつけ「消去される残り滓なのか！？」と迫る」 ＞ 選択肢(1/2)「「タタル渓谷へ戻ったルークも本物じゃないのか！？」」 ＞ 選択肢(1/2)「「そんな自己犠牲も、ディストの切り分けもあんまりじゃないか！」」 ＞ 選択肢(1/2)「「・・・・・・分かった。おまえをこれ以上苦しませない」と剣を抜く」,ガイのセリフ,・・・・・・っ、アッシュ・・・・・・！ ／ ・・・・・・分かった。おまえをこれ以上、機械の身体に縛りつけて苦しませたりしない。・・・・・・俺の手で終わらせてやる。おやすみ、アッシュ。,,,
p2_deep_truth_dilemma::reply[p2_dilemma_pattern_c]::reply[p2_dilemma_c_step2_panic_luke]::reply[p2_dilemma_c_step3_blame_asch]::reply[p2_dilemma_c_step4_mercy_destroy]::aschText,5. Phase2 [端末] タブ,話題「【DP-002/003】『記憶の分離と自壊』の真実に触れる」 ＞ 選択肢(3/3)「封印記録を突きつけ「消去される残り滓なのか！？」と迫る」 ＞ 選択肢(1/2)「「タタル渓谷へ戻ったルークも本物じゃないのか！？」」 ＞ 選択肢(1/2)「「そんな自己犠牲も、ディストの切り分けもあんまりじゃないか！」」 ＞ 選択肢(1/2)「「・・・・・・分かった。おまえをこれ以上苦しませない」と剣を抜く」,アッシュの返答,・・・・・・ああ。・・・・・・最初から、こうなるべきだったんだ・・・・・・。 ／ ・・・・・・悪かったな、ガイ・・・・・・。,,表情:通常 (眉:困り/悲しみ / 目:閉じ / 口:閉じ / 効果:青ざめ+涙) 声:震え小声,
p2_deep_truth_dilemma::reply[p2_dilemma_pattern_c]::reply[p2_dilemma_c_step2_panic_luke]::reply[p2_dilemma_c_step3_blame_asch]::reply[p2_dilemma_c_step4_total_collapse]::thoughtText,5. Phase2 [端末] タブ,話題「【DP-002/003】『記憶の分離と自壊』の真実に触れる」 ＞ 選択肢(3/3)「封印記録を突きつけ「消去される残り滓なのか！？」と迫る」 ＞ 選択肢(1/2)「「タタル渓谷へ戻ったルークも本物じゃないのか！？」」 ＞ 選択肢(1/2)「「そんな自己犠牲も、ディストの切り分けもあんまりじゃないか！」」 ＞ 選択肢(2/2)「「壊せるわけないだろ！ だが誰が本物なのかもう分からない」と立ち尽くす」,選択肢ラベル,「壊せるわけないだろ！ だが誰が本物なのかもう分からない」と立ち尽くす,,,
p2_deep_truth_dilemma::reply[p2_dilemma_pattern_c]::reply[p2_dilemma_c_step2_panic_luke]::reply[p2_dilemma_c_step3_blame_asch]::reply[p2_dilemma_c_step4_total_collapse]::spokenText,5. Phase2 [端末] タブ,話題「【DP-002/003】『記憶の分離と自壊』の真実に触れる」 ＞ 選択肢(3/3)「封印記録を突きつけ「消去される残り滓なのか！？」と迫る」 ＞ 選択肢(1/2)「「タタル渓谷へ戻ったルークも本物じゃないのか！？」」 ＞ 選択肢(1/2)「「そんな自己犠牲も、ディストの切り分けもあんまりじゃないか！」」 ＞ 選択肢(2/2)「「壊せるわけないだろ！ だが誰が本物なのかもう分からない」と立ち尽くす」,ガイのセリフ,・・・・・・俺の手でおまえを壊せるわけないだろ・・・・・・！ ／ だけど、機械の身体に記憶だけがあるおまえを『アッシュじゃない』としたら、アッシュの身体にルークの記憶だけがあるタタル渓谷のルークも『ルークじゃない』ことになる・・・・・・っ。こんな記録、見るんじゃなかった・・・・・・！！,,,
p2_deep_truth_dilemma::reply[p2_dilemma_pattern_c]::reply[p2_dilemma_c_step2_panic_luke]::reply[p2_dilemma_c_step3_blame_asch]::reply[p2_dilemma_c_step4_total_collapse]::aschText,5. Phase2 [端末] タブ,話題「【DP-002/003】『記憶の分離と自壊』の真実に触れる」 ＞ 選択肢(3/3)「封印記録を突きつけ「消去される残り滓なのか！？」と迫る」 ＞ 選択肢(1/2)「「タタル渓谷へ戻ったルークも本物じゃないのか！？」」 ＞ 選択肢(1/2)「「そんな自己犠牲も、ディストの切り分けもあんまりじゃないか！」」 ＞ 選択肢(2/2)「「壊せるわけないだろ！ だが誰が本物なのかもう分からない」と立ち尽くす」,アッシュの返答,・・・・・・そうか。・・・・・・道理で、目が覚めた時からずっと空っぽなわけだ。 ／ ・・・・・・もういい。二度と俺に関わるな、ガイ。,,表情:虚ろ (眉:困り/悲しみ / 目:虚ろ / 口:閉じ / 効果:青ざめ+涙+ノイズ) 声:震え+ノイズ,
p2_deep_truth_dilemma::reply[p2_dilemma_pattern_c]::reply[p2_dilemma_c_step2_panic_luke]::reply[p2_dilemma_c_step3_question_selfharm]::thoughtText,5. Phase2 [端末] タブ,話題「【DP-002/003】『記憶の分離と自壊』の真実に触れる」 ＞ 選択肢(3/3)「封印記録を突きつけ「消去される残り滓なのか！？」と迫る」 ＞ 選択肢(1/2)「「タタル渓谷へ戻ったルークも本物じゃないのか！？」」 ＞ 選択肢(2/2)「「自壊しようとしたのも本物じゃないと知ったからか？」」,選択肢ラベル,「自壊しようとしたのも本物じゃないと知ったからか？」,,,
p2_deep_truth_dilemma::reply[p2_dilemma_pattern_c]::reply[p2_dilemma_c_step2_panic_luke]::reply[p2_dilemma_c_step3_question_selfharm]::spokenText,5. Phase2 [端末] タブ,話題「【DP-002/003】『記憶の分離と自壊』の真実に触れる」 ＞ 選択肢(3/3)「封印記録を突きつけ「消去される残り滓なのか！？」と迫る」 ＞ 選択肢(1/2)「「タタル渓谷へ戻ったルークも本物じゃないのか！？」」 ＞ 選択肢(2/2)「「自壊しようとしたのも本物じゃないと知ったからか？」」,ガイのセリフ,・・・・・・おまえが2ヶ月前にタルロウAの身体を自分で壊そうとしたのも、その記録を見て、自分が『ルークから切り離された記憶』だと気付いたからなのか・・・・・・？ ／ 答えろよ！　おまえがただの記憶データなら、タタル渓谷に帰ってきたルークも本物じゃないっていうのかよ・・・・・・！？,,,
p2_deep_truth_dilemma::reply[p2_dilemma_pattern_c]::reply[p2_dilemma_c_step2_panic_luke]::reply[p2_dilemma_c_step3_question_selfharm]::aschText,5. Phase2 [端末] タブ,話題「【DP-002/003】『記憶の分離と自壊』の真実に触れる」 ＞ 選択肢(3/3)「封印記録を突きつけ「消去される残り滓なのか！？」と迫る」 ＞ 選択肢(1/2)「「タタル渓谷へ戻ったルークも本物じゃないのか！？」」 ＞ 選択肢(2/2)「「自壊しようとしたのも本物じゃないと知ったからか？」」,アッシュの返答,・・・・・・っ、知らん！！　俺は何も覚えていないと言っているだろうが・・・・・・っ！！ ／ やめろ、それ以上その記録を読み上げるな・・・・・・！　頭の中が軋んで、本当に思考回路が焼き切れる・・・・・・っ！！,,表情:苦悶 (眉:苦悶 / 目:苦悶閉じ / 口:叫び / 効果:青ざめ+汗+涙+ノイズ) 声:大声+ノイズ→震え+ノイズ,
p2_deep_truth_dilemma::reply[p2_dilemma_pattern_c]::reply[p2_dilemma_c_step2_panic_luke]::reply[p2_dilemma_c_step3_question_selfharm]::reply[p2_dilemma_c_step4_push_paradox]::thoughtText,5. Phase2 [端末] タブ,話題「【DP-002/003】『記憶の分離と自壊』の真実に触れる」 ＞ 選択肢(3/3)「封印記録を突きつけ「消去される残り滓なのか！？」と迫る」 ＞ 選択肢(1/2)「「タタル渓谷へ戻ったルークも本物じゃないのか！？」」 ＞ 選択肢(2/2)「「自壊しようとしたのも本物じゃないと知ったからか？」」 ＞ 選択肢(1/2)「「おまえもルークも、機械で切り分けた複製じゃないか！」」,選択肢ラベル,「おまえもルークも、機械で切り分けた複製じゃないか！」,,,
p2_deep_truth_dilemma::reply[p2_dilemma_pattern_c]::reply[p2_dilemma_c_step2_panic_luke]::reply[p2_dilemma_c_step3_question_selfharm]::reply[p2_dilemma_c_step4_push_paradox]::spokenText,5. Phase2 [端末] タブ,話題「【DP-002/003】『記憶の分離と自壊』の真実に触れる」 ＞ 選択肢(3/3)「封印記録を突きつけ「消去される残り滓なのか！？」と迫る」 ＞ 選択肢(1/2)「「タタル渓谷へ戻ったルークも本物じゃないのか！？」」 ＞ 選択肢(2/2)「「自壊しようとしたのも本物じゃないと知ったからか？」」 ＞ 選択肢(1/2)「「おまえもルークも、機械で切り分けた複製じゃないか！」」,ガイのセリフ,ごまかすなよ！！　機械の身体にアッシュの記憶だけがあるおまえがアッシュじゃないなら、アッシュの身体にルークの記憶だけがあるタタル渓谷のルークも、本物のルークじゃないことになるじゃないか！！,,,
p2_deep_truth_dilemma::reply[p2_dilemma_pattern_c]::reply[p2_dilemma_c_step2_panic_luke]::reply[p2_dilemma_c_step3_question_selfharm]::reply[p2_dilemma_c_step4_push_paradox]::aschText,5. Phase2 [端末] タブ,話題「【DP-002/003】『記憶の分離と自壊』の真実に触れる」 ＞ 選択肢(3/3)「封印記録を突きつけ「消去される残り滓なのか！？」と迫る」 ＞ 選択肢(1/2)「「タタル渓谷へ戻ったルークも本物じゃないのか！？」」 ＞ 選択肢(2/2)「「自壊しようとしたのも本物じゃないと知ったからか？」」 ＞ 選択肢(1/2)「「おまえもルークも、機械で切り分けた複製じゃないか！」」,アッシュの返答,・・・・・・そうか。おまえがそう言うなら、そうなんだろうな。 ／ ・・・・・・道理で、目が覚めた時からずっと空っぽなわけだ。・・・・・・もういい、二度と俺に構うな。,,表情:虚ろ (眉:困り/悲しみ / 目:虚ろ / 口:閉じ / 効果:青ざめ+涙+ノイズ) 声:震え+ノイズ,
p2_deep_truth_dilemma::reply[p2_dilemma_pattern_c]::reply[p2_dilemma_c_step2_panic_luke]::reply[p2_dilemma_c_step3_question_selfharm]::reply[p2_dilemma_c_step4_bitter_stop]::thoughtText,5. Phase2 [端末] タブ,話題「【DP-002/003】『記憶の分離と自壊』の真実に触れる」 ＞ 選択肢(3/3)「封印記録を突きつけ「消去される残り滓なのか！？」と迫る」 ＞ 選択肢(1/2)「「タタル渓谷へ戻ったルークも本物じゃないのか！？」」 ＞ 選択肢(2/2)「「自壊しようとしたのも本物じゃないと知ったからか？」」 ＞ 選択肢(2/2)「青褪めるアッシュにハッとし「・・・・・・悪かった」と口を噤む」,選択肢ラベル,青褪めるアッシュにハッとし「・・・・・・悪かった」と口を噤む,,,
p2_deep_truth_dilemma::reply[p2_dilemma_pattern_c]::reply[p2_dilemma_c_step2_panic_luke]::reply[p2_dilemma_c_step3_question_selfharm]::reply[p2_dilemma_c_step4_bitter_stop]::spokenText,5. Phase2 [端末] タブ,話題「【DP-002/003】『記憶の分離と自壊』の真実に触れる」 ＞ 選択肢(3/3)「封印記録を突きつけ「消去される残り滓なのか！？」と迫る」 ＞ 選択肢(1/2)「「タタル渓谷へ戻ったルークも本物じゃないのか！？」」 ＞ 選択肢(2/2)「「自壊しようとしたのも本物じゃないと知ったからか？」」 ＞ 選択肢(2/2)「青褪めるアッシュにハッとし「・・・・・・悪かった」と口を噤む」,ガイのセリフ,・・・・・・っ、くそ・・・・・・俺は一体、誰に向かって何を八つ当たりしてるんだ・・・・・・。 ／ ・・・・・・悪かった、アッシュ。今言ったことは全部取り消す。これ以上はもう、何も言わない・・・・・・。,,,
p2_deep_truth_dilemma::reply[p2_dilemma_pattern_c]::reply[p2_dilemma_c_step2_panic_luke]::reply[p2_dilemma_c_step3_question_selfharm]::reply[p2_dilemma_c_step4_bitter_stop]::aschText,5. Phase2 [端末] タブ,話題「【DP-002/003】『記憶の分離と自壊』の真実に触れる」 ＞ 選択肢(3/3)「封印記録を突きつけ「消去される残り滓なのか！？」と迫る」 ＞ 選択肢(1/2)「「タタル渓谷へ戻ったルークも本物じゃないのか！？」」 ＞ 選択肢(2/2)「「自壊しようとしたのも本物じゃないと知ったからか？」」 ＞ 選択肢(2/2)「青褪めるアッシュにハッとし「・・・・・・悪かった」と口を噤む」,アッシュの返答,・・・・・・はぁ、はぁ・・・・・・今さら取り消せるわけがないだろうが・・・・・・。 ／ ・・・・・・勝手な真似をしやがって。しばらく俺に話しかけるな・・・・・・っ。,,表情:睨み (眉:苦悶 / 目:逸らし / 口:食いしばり / 効果:青ざめ+汗) 声:震え小声,
p2_deep_truth_dilemma::reply[p2_dilemma_pattern_c]::reply[p2_dilemma_c_step2_panic_luke]::reply[p2_dilemma_c_step3_question_selfharm]::reply[p2_dilemma_c_step4_bitter_stop]::oralInfo.title,5. Phase2 [端末] タブ,話題「【DP-002/003】『記憶の分離と自壊』の真実に触れる」 ＞ 選択肢(3/3)「封印記録を突きつけ「消去される残り滓なのか！？」と迫る」 ＞ 選択肢(1/2)「「タタル渓谷へ戻ったルークも本物じゃないのか！？」」 ＞ 選択肢(2/2)「「自壊しようとしたのも本物じゃないと知ったからか？」」 ＞ 選択肢(2/2)「青褪めるアッシュにハッとし「・・・・・・悪かった」と口を噤む」 ＞ 会話後に端末INFOへ追加される記録タイトル,端末INFOタイトル,封印記録の暴露による深刻な亀裂,,,
p2_deep_truth_dilemma::reply[p2_dilemma_pattern_c]::reply[p2_dilemma_c_step2_panic_luke]::reply[p2_dilemma_c_step3_question_selfharm]::reply[p2_dilemma_c_step4_bitter_stop]::oralInfo.content,5. Phase2 [端末] タブ,話題「【DP-002/003】『記憶の分離と自壊』の真実に触れる」 ＞ 選択肢(3/3)「封印記録を突きつけ「消去される残り滓なのか！？」と迫る」 ＞ 選択肢(1/2)「「タタル渓谷へ戻ったルークも本物じゃないのか！？」」 ＞ 選択肢(2/2)「「自壊しようとしたのも本物じゃないと知ったからか？」」 ＞ 選択肢(2/2)「青褪めるアッシュにハッとし「・・・・・・悪かった」と口を噤む」 ＞ 会話後に端末INFOへ追加される記録本文,端末INFO本文,ガイが端末の最下層記録を突きつけ、ルークおよびアッシュの同一性に対する疑念をぶつけたことで、両者の間に深刻な心理的亀裂が生じた。,,,
p2_deep_truth_dilemma::reply[p2_dilemma_pattern_c]::reply[p2_dilemma_c_step2_pull_back]::thoughtText,5. Phase2 [端末] タブ,話題「【DP-002/003】『記憶の分離と自壊』の真実に触れる」 ＞ 選択肢(3/3)「封印記録を突きつけ「消去される残り滓なのか！？」と迫る」 ＞ 選択肢(2/2)「拒絶するアッシュを見て我に返り「悪かった」と引き下がる」,選択肢ラベル,拒絶するアッシュを見て我に返り「悪かった」と引き下がる,,,
p2_deep_truth_dilemma::reply[p2_dilemma_pattern_c]::reply[p2_dilemma_c_step2_pull_back]::spokenText,5. Phase2 [端末] タブ,話題「【DP-002/003】『記憶の分離と自壊』の真実に触れる」 ＞ 選択肢(3/3)「封印記録を突きつけ「消去される残り滓なのか！？」と迫る」 ＞ 選択肢(2/2)「拒絶するアッシュを見て我に返り「悪かった」と引き下がる」,ガイのセリフ,・・・・・・っ、悪かった！！　おまえがそこまで拒絶するなら、もうこれ以上は言わない。 ／ 勝手に端末の奥をこじ開けた俺が悪かったよ・・・・・・落ち着いてくれ、アッシュ。,,,
p2_deep_truth_dilemma::reply[p2_dilemma_pattern_c]::reply[p2_dilemma_c_step2_pull_back]::aschText,5. Phase2 [端末] タブ,話題「【DP-002/003】『記憶の分離と自壊』の真実に触れる」 ＞ 選択肢(3/3)「封印記録を突きつけ「消去される残り滓なのか！？」と迫る」 ＞ 選択肢(2/2)「拒絶するアッシュを見て我に返り「悪かった」と引き下がる」,アッシュの返答,・・・・・・はぁ、はぁ・・・・・・ふざけるな、人の頭の中を土足で踏み荒らしておいて、今さら謝って済むと思うなよ・・・・・・！ ／ ・・・・・・その端末を今すぐ閉じろ。次にその記録の話を口にしたら、容赦しないからな・・・・・・っ。,,表情:睨み (眉:怒り / 目:睨み / 口:食いしばり / 効果:青ざめ+汗) 声:震え小声→大声揺れ,
p2_deep_truth_dilemma::reply[p2_dilemma_pattern_c]::reply[p2_dilemma_c_step2_pull_back]::reply[p2_dilemma_c_step3_promise_silence]::thoughtText,5. Phase2 [端末] タブ,話題「【DP-002/003】『記憶の分離と自壊』の真実に触れる」 ＞ 選択肢(3/3)「封印記録を突きつけ「消去される残り滓なのか！？」と迫る」 ＞ 選択肢(2/2)「拒絶するアッシュを見て我に返り「悪かった」と引き下がる」 ＞ 選択肢(1/1)「端末を脇へ置き「もう二度と口にはしない」と約束する」,選択肢ラベル,端末を脇へ置き「もう二度と口にはしない」と約束する,,,
p2_deep_truth_dilemma::reply[p2_dilemma_pattern_c]::reply[p2_dilemma_c_step2_pull_back]::reply[p2_dilemma_c_step3_promise_silence]::spokenText,5. Phase2 [端末] タブ,話題「【DP-002/003】『記憶の分離と自壊』の真実に触れる」 ＞ 選択肢(3/3)「封印記録を突きつけ「消去される残り滓なのか！？」と迫る」 ＞ 選択肢(2/2)「拒絶するアッシュを見て我に返り「悪かった」と引き下がる」 ＞ 選択肢(1/1)「端末を脇へ置き「もう二度と口にはしない」と約束する」,ガイのセリフ,・・・・・・ああ、分かった。この記録のことは、もう二度と口にはしない。約束するよ。,,,
p2_deep_truth_dilemma::reply[p2_dilemma_pattern_c]::reply[p2_dilemma_c_step2_pull_back]::reply[p2_dilemma_c_step3_promise_silence]::aschText,5. Phase2 [端末] タブ,話題「【DP-002/003】『記憶の分離と自壊』の真実に触れる」 ＞ 選択肢(3/3)「封印記録を突きつけ「消去される残り滓なのか！？」と迫る」 ＞ 選択肢(2/2)「拒絶するアッシュを見て我に返り「悪かった」と引き下がる」 ＞ 選択肢(1/1)「端末を脇へ置き「もう二度と口にはしない」と約束する」,アッシュの返答,・・・・・・チッ。信用できるものか・・・・・・しばらくそこで黙っていろ。,,表情:目逸らし (眉:怒り / 目:逸らし / 口:への字 / 効果:汗),
topic_41_apologize::thoughtText,3. Phase2 [雑談] タブ,話題「言い過ぎたことを素直に謝って空気を和らげる」（※不機嫌を鎮める話題） ＞ 話題選択ボタン,選択肢ラベル,言い過ぎたことを素直に謝って空気を和らげる,,,
topic_41_apologize::spokenText,3. Phase2 [雑談] タブ,話題「言い過ぎたことを素直に謝って空気を和らげる」（※不機嫌を鎮める話題） ＞ 1往復目（切り出し）,ガイのセリフ,・・・・・・悪かったよ。お互いに少し熱くなりすぎたな、頭を冷やそう。,,,
topic_41_apologize::aschText,3. Phase2 [雑談] タブ,話題「言い過ぎたことを素直に謝って空気を和らげる」（※不機嫌を鎮める話題） ＞ 1往復目（通常時の返答）,アッシュの返答（通常）,・・・・・・ふん。分かればいい。あまりしつこく妙なことを聞くな。,,表情:目逸らし (眉:困り/悲しみ / 目:逸らし / 口:閉じ),
p2_irritated_clash::thoughtText,4. Phase2 [追求] タブ,話題「【苛立ち】「さっきからなんだその態度は」と苛立ちをぶつける」 ＞ 話題選択ボタン,選択肢ラベル,【苛立ち】「さっきからなんだその態度は」と苛立ちをぶつける,,,
p2_irritated_clash::spokenText,4. Phase2 [追求] タブ,話題「【苛立ち】「さっきからなんだその態度は」と苛立ちをぶつける」 ＞ 1往復目（切り出し）,ガイのセリフ,・・・・・・いい加減にしろよ。さっきから何を聞いても突っかかりやがって、人の気も知らないでなんだその態度は。,,,
p2_irritated_clash::aschText,4. Phase2 [追求] タブ,話題「【苛立ち】「さっきからなんだその態度は」と苛立ちをぶつける」 ＞ 1往復目（通常時の返答）,アッシュの返答（通常）,・・・・・・っ、それはこっちの台詞だ！　勝手に研究室から連れ出しておいて、指図される筋合いはない！！ ／ そんなに俺の態度が気に入らないなら、今すぐここから出て行ってやる！,,表情:睨み (眉:怒り / 目:睨み / 口:叫び) 声:大声揺れ,
p2_cold_destroy_execution::thoughtText,4. Phase2 [追求] タブ,話題「【機能停止】「その紛い物の機体、ここで壊してやる」と剣に手をかける」 ＞ 話題選択ボタン,選択肢ラベル,【機能停止】「その紛い物の機体、ここで壊してやる」と剣に手をかける,,,
p2_cold_destroy_execution::spokenText,4. Phase2 [追求] タブ,話題「【機能停止】「その紛い物の機体、ここで壊してやる」と剣に手をかける」 ＞ 1往復目（切り出し）,ガイのセリフ,・・・・・・もう沢山だ。こんな10歳の姿をした紛い物の機械、最初から造られるべきじゃなかったんだ。 ／ ディストの研究所へなんか戻さない。今ここで、俺が機能を止めてやる。,,,
p2_cold_destroy_execution::aschText,4. Phase2 [追求] タブ,話題「【機能停止】「その紛い物の機体、ここで壊してやる」と剣に手をかける」 ＞ 1往復目（通常時の返答）,アッシュの返答（通常）,・・・・・・っ！？　き、貴様、本気で剣を抜く気か・・・・・・！？ ／ ・・・・・・ふん、死に損ないの機械には、おまえの剣で壊されるくらいが相応しいか・・・・・・っ。,,表情:動揺/驚き (眉:苦悶 / 目:見開き / 口:食いしばり / 効果:青ざめ+汗) 声:震え+ノイズ,
p2_idle_weather::thoughtText,3. Phase2 [雑談] タブ,話題「窓の外の天気やグランコクマの気候について他愛のない話をする」 ＞ 話題選択ボタン,選択肢ラベル,窓の外の天気やグランコクマの気候について他愛のない話をする,,,
p2_idle_weather::spokenText,3. Phase2 [雑談] タブ,話題「窓の外の天気やグランコクマの気候について他愛のない話をする」 ＞ 1往復目（切り出し）,ガイのセリフ,しかし、今日のグランコクマは風が少し冷たいな。その身体だと寒さとかは感じないのか？,,,
p2_idle_weather::aschText,3. Phase2 [雑談] タブ,話題「窓の外の天気やグランコクマの気候について他愛のない話をする」 ＞ 1往復目（通常時の返答）,アッシュの返答（通常）,・・・・・・温度センサーくらいついているが、人間みたいに凍えることはない。 ／ もっとも、冷えすぎると関節の駆動音がうるさくなるから鬱陶しいがな。,,表情:通常 (眉:通常 / 目:逸らし / 口:閉じ),
p2_idle_weather::badMoodResponse.aschText,3. Phase2 [雑談] タブ,話題「窓の外の天気やグランコクマの気候について他愛のない話をする」 ＞ ★アッシュが不機嫌な時の専用返答,アッシュの返答（不機嫌時）,・・・・・・別に、寒くはない。,,表情:目逸らし (眉:困り/悲しみ / 目:逸らし / 口:閉じ),
p2_idle_books::thoughtText,3. Phase2 [雑談] タブ,話題「机の上に積んである音機関の資料について雑談する」 ＞ 話題選択ボタン,選択肢ラベル,机の上に積んである音機関の資料について雑談する,,,
p2_idle_books::spokenText,3. Phase2 [雑談] タブ,話題「机の上に積んである音機関の資料について雑談する」 ＞ 1往復目（切り出し）,ガイのセリフ,机の上の書類か？　最近また古代の音機関の調査を手伝っていて、資料が山積みになってるんだよ。,,,
p2_idle_books::aschText,3. Phase2 [雑談] タブ,話題「机の上に積んである音機関の資料について雑談する」 ＞ 1往復目（通常時の返答）,アッシュの返答（通常）,・・・・・・おまえも相変わらずそういう古い機械いじりが好きだな。 ／ ディストの研究所にも似たようなガラクタが山ほど転がっている。,,表情:通常 (眉:通常 / 目:通常 / 口:閉じ),
p2_idle_books::badMoodResponse.aschText,3. Phase2 [雑談] タブ,話題「机の上に積んである音機関の資料について雑談する」 ＞ ★アッシュが不機嫌な時の専用返答,アッシュの返答（不機嫌時）,・・・・・・おまえは昔から機械いじりが好きだったな。,,表情:目逸らし (眉:困り/悲しみ / 目:伏せ / 口:閉じ),
p2_awkward_silence::thoughtText,3. Phase2 [雑談] タブ,話題「少し言葉に詰まりつつ、静かにアッシュの様子を窺う」 ＞ 話題選択ボタン,選択肢ラベル,少し言葉に詰まりつつ、静かにアッシュの様子を窺う,,,
p2_awkward_silence::spokenText,3. Phase2 [雑談] タブ,話題「少し言葉に詰まりつつ、静かにアッシュの様子を窺う」 ＞ 1往復目（切り出し）,ガイのセリフ,・・・・・・こうしておまえと2人で部屋で向き合っていると、なんだか不思議な気分だな。,,,
p2_awkward_silence::aschText,3. Phase2 [雑談] タブ,話題「少し言葉に詰まりつつ、静かにアッシュの様子を窺う」 ＞ 1往復目（通常時の返答）,アッシュの返答（通常）,・・・・・・妙な感傷に浸るな。俺はただ、おまえが勝手に連れ込んだからここにいるだけだ。,,表情:目逸らし (眉:困り/悲しみ / 目:逸らし / 口:閉じ / 効果:赤面),
p2_awkward_silence::badMoodResponse.aschText,3. Phase2 [雑談] タブ,話題「少し言葉に詰まりつつ、静かにアッシュの様子を窺う」 ＞ ★アッシュが不機嫌な時の専用返答,アッシュの返答（不機嫌時）,・・・・・・別に、おまえに腹を立てているわけじゃない。,,表情:目逸らし (眉:困り/悲しみ / 目:逸らし / 口:閉じ),
q_p2_guy_life::questionLine,6. 逆質問・放置・不機嫌・端末反応,Phase2 アッシュからの逆質問1（目安ターン6） ＞ アッシュの質問切り出し,アッシュの逆質問,・・・・・・おい、ガイ。おまえ自身は今、バチカルとグランコクマのどっちにいることが多いんだ。,,表情:通常 (眉:通常 / 目:通常 / 口:開き),
q_p2_guy_life::opt[q_p2_life_both]::thoughtText,6. 逆質問・放置・不機嫌・端末反応,Phase2 アッシュからの逆質問1（目安ターン6） ＞ 回答選択肢(1/3)「最近は仕事でグランコクマとバチカルを行ったり来たりしていると答える」,選択肢ラベル,最近は仕事でグランコクマとバチカルを行ったり来たりしていると答える,,,
q_p2_guy_life::opt[q_p2_life_both]::spokenText,6. 逆質問・放置・不機嫌・端末反応,Phase2 アッシュからの逆質問1（目安ターン6） ＞ 回答選択肢(1/3)「最近は仕事でグランコクマとバチカルを行ったり来たりしていると答える」,ガイのセリフ,最近は仕事でグランコクマとバチカルを行ったり来たりしているよ。ピオニー陛下にも大佐にもよく呼び出されるからな。,,,
q_p2_guy_life::opt[q_p2_life_both]::aschText,6. 逆質問・放置・不機嫌・端末反応,Phase2 アッシュからの逆質問1（目安ターン6） ＞ 回答選択肢(1/3)「最近は仕事でグランコクマとバチカルを行ったり来たりしていると答える」,アッシュの返答,・・・・・・そうか。おまえはお人好しだからな、あの眼鏡やピオニーにいいようにこき使われるなよ。,,表情:通常 (眉:柔和 / 目:逸らし / 口:閉じ),
q_p2_guy_life::opt[q_p2_life_room]::thoughtText,6. 逆質問・放置・不機嫌・端末反応,Phase2 アッシュからの逆質問1（目安ターン6） ＞ 回答選択肢(2/3)「今はここ（グランコクマ）の屋敷にいることが多いと答える」,選択肢ラベル,今はここ（グランコクマ）の屋敷にいることが多いと答える,,,
q_p2_guy_life::opt[q_p2_life_room]::spokenText,6. 逆質問・放置・不機嫌・端末反応,Phase2 アッシュからの逆質問1（目安ターン6） ＞ 回答選択肢(2/3)「今はここ（グランコクマ）の屋敷にいることが多いと答える」,ガイのセリフ,今はここの屋敷にいることが多いかな。静かで落ち着いたいい部屋だろ？,,,
q_p2_guy_life::opt[q_p2_life_room]::aschText,6. 逆質問・放置・不機嫌・端末反応,Phase2 アッシュからの逆質問1（目安ターン6） ＞ 回答選択肢(2/3)「今はここ（グランコクマ）の屋敷にいることが多いと答える」,アッシュの返答,・・・・・・ふん、まあ悪くはないな。少なくとも、あの変態の騒々しい研究所よりは落ち着く。,,表情:目逸らし (眉:通常 / 目:逸らし / 口:閉じ / 効果:赤面),
q_p2_guy_life::opt[q_p2_life_cold]::thoughtText,6. 逆質問・放置・不機嫌・端末反応,Phase2 アッシュからの逆質問1（目安ターン6） ＞ 回答選択肢(3/3)「「おまえに俺の居場所をいちいち教える義理はないだろ」と突き放す」（※不機嫌・冷淡時のみ出現）,選択肢ラベル,「おまえに俺の居場所をいちいち教える義理はないだろ」と突き放す,,,
q_p2_guy_life::opt[q_p2_life_cold]::spokenText,6. 逆質問・放置・不機嫌・端末反応,Phase2 アッシュからの逆質問1（目安ターン6） ＞ 回答選択肢(3/3)「「おまえに俺の居場所をいちいち教える義理はないだろ」と突き放す」（※不機嫌・冷淡時のみ出現）,ガイのセリフ,・・・・・・おまえに俺の居場所をいちいち教える義理はないだろ。,,,
q_p2_guy_life::opt[q_p2_life_cold]::aschText,6. 逆質問・放置・不機嫌・端末反応,Phase2 アッシュからの逆質問1（目安ターン6） ＞ 回答選択肢(3/3)「「おまえに俺の居場所をいちいち教える義理はないだろ」と突き放す」（※不機嫌・冷淡時のみ出現）,アッシュの返答,・・・・・・チッ、聞いた俺が馬鹿だったな。そういう態度なら好きにしろ。,,表情:睨み (眉:怒り / 目:睨み / 口:への字),
q_p2_asch_bother::questionLine,6. 逆質問・放置・不機嫌・端末反応,Phase2 アッシュからの逆質問2（目安ターン9） ＞ アッシュの質問切り出し,アッシュの逆質問,・・・・・・なあ、ガイ。俺が突然こんな姿で現れて・・・・・・正直、目障りだったんじゃないのか。,,表情:目逸らし (眉:困り/悲しみ / 目:逸らし / 口:閉じ),
q_p2_asch_bother::opt[q_p2_bother_no]::thoughtText,6. 逆質問・放置・不機嫌・端末反応,Phase2 アッシュからの逆質問2（目安ターン9） ＞ 回答選択肢(1/3)「最初は驚いたけど、こうしてまた憎まれ口を聞けて安心したと言う」,選択肢ラベル,最初は驚いたけど、こうしてまた憎まれ口を聞けて安心したと言う,,,
q_p2_asch_bother::opt[q_p2_bother_no]::spokenText,6. 逆質問・放置・不機嫌・端末反応,Phase2 アッシュからの逆質問2（目安ターン9） ＞ 回答選択肢(1/3)「最初は驚いたけど、こうしてまた憎まれ口を聞けて安心したと言う」,ガイのセリフ,最初は10歳の頃の姿だから驚いたし戸惑ったよ。だけど、話してみれば相変わらずのおまえで安心したくらいだ。,,,
q_p2_asch_bother::opt[q_p2_bother_no]::aschText,6. 逆質問・放置・不機嫌・端末反応,Phase2 アッシュからの逆質問2（目安ターン9） ＞ 回答選択肢(1/3)「最初は驚いたけど、こうしてまた憎まれ口を聞けて安心したと言う」,アッシュの返答,・・・・・・っ、素直にそういうことを言うな。調子が狂うだろうが。,,表情:目逸らし (眉:怒り / 目:逸らし / 口:への字 / 効果:赤面+汗),
q_p2_asch_bother::opt[q_p2_bother_honest]::thoughtText,6. 逆質問・放置・不機嫌・端末反応,Phase2 アッシュからの逆質問2（目安ターン9） ＞ 回答選択肢(2/3)「目障りなんてことはない、昔のわだかまりも今はもうないと言う」,選択肢ラベル,目障りなんてことはない、昔のわだかまりも今はもうないと言う,,,
q_p2_asch_bother::opt[q_p2_bother_honest]::spokenText,6. 逆質問・放置・不機嫌・端末反応,Phase2 アッシュからの逆質問2（目安ターン9） ＞ 回答選択肢(2/3)「目障りなんてことはない、昔のわだかまりも今はもうないと言う」,ガイのセリフ,目障りなんてことはないさ。昔はいろいろあったけど、今こうして同じ部屋で静かに話せるくらいには、俺も整理がついているからな。,,,
q_p2_asch_bother::opt[q_p2_bother_honest]::aschText,6. 逆質問・放置・不機嫌・端末反応,Phase2 アッシュからの逆質問2（目安ターン9） ＞ 回答選択肢(2/3)「目障りなんてことはない、昔のわだかまりも今はもうないと言う」,アッシュの返答,・・・・・・そうか。おまえがそう言うなら、まあ、信じてやる。,,表情:通常 (眉:通常 / 目:伏せ / 口:閉じ),
q_p2_asch_bother::opt[q_p2_bother_cold]::thoughtText,6. 逆質問・放置・不機嫌・端末反応,Phase2 アッシュからの逆質問2（目安ターン9） ＞ 回答選択肢(3/3)「「その態度で居座られちゃ、さすがに気が滅入るな」と冷たく返す」（※不機嫌・冷淡時のみ出現）,選択肢ラベル,「その態度で居座られちゃ、さすがに気が滅入るな」と冷たく返す,,,
q_p2_asch_bother::opt[q_p2_bother_cold]::spokenText,6. 逆質問・放置・不機嫌・端末反応,Phase2 アッシュからの逆質問2（目安ターン9） ＞ 回答選択肢(3/3)「「その態度で居座られちゃ、さすがに気が滅入るな」と冷たく返す」（※不機嫌・冷淡時のみ出現）,ガイのセリフ,・・・・・・ああ。連れ出したのは俺だけど、こうもつっかかられ続けちゃさすがに気が滅入るな。,,,
q_p2_asch_bother::opt[q_p2_bother_cold]::aschText,6. 逆質問・放置・不機嫌・端末反応,Phase2 アッシュからの逆質問2（目安ターン9） ＞ 回答選択肢(3/3)「「その態度で居座られちゃ、さすがに気が滅入るな」と冷たく返す」（※不機嫌・冷淡時のみ出現）,アッシュの返答,・・・・・・ふん、だったら最初から連れ出すなと言っただろうが！,,表情:睨み (眉:怒り / 目:睨み / 口:叫び),
QUESTION_TIMEOUT_WITHDRAW,6. 逆質問・放置・不機嫌・端末反応,Phase2 アッシュの逆質問 ＞ 30秒間無言（放置）してタイムアウトした時の質問取り下げセリフ,アッシュの返答,・・・・・・。 ／ ・・・・・・いや、いい。なんでもない。忘れてくれ。,,表情:目逸らし(悲しみ眉/伏せ目),
DEFAULT_BAD_MOOD_REFUSAL_LINES[0],6. 逆質問・放置・不機嫌・端末反応,アッシュが不機嫌な時 ＞ 会話を拒否する汎用セリフ（パターン1）,アッシュの拒否セリフ,・・・・・・今はその話をする気にならん。,,表情:目逸らし (眉:困り/悲しみ / 目:逸らし / 口:への字),
DEFAULT_BAD_MOOD_REFUSAL_LINES[1],6. 逆質問・放置・不機嫌・端末反応,アッシュが不機嫌な時 ＞ 会話を拒否する汎用セリフ（パターン2）,アッシュの拒否セリフ,・・・・・・わるいが、その話は後にしてくれ。,,表情:目逸らし (眉:困り/悲しみ / 目:伏せ / 口:閉じ),
DEFAULT_BAD_MOOD_REFUSAL_LINES[2],6. 逆質問・放置・不機嫌・端末反応,アッシュが不機嫌な時 ＞ 会話を拒否する汎用セリフ（パターン3）,アッシュの拒否セリフ,・・・・・・今は少し黙っていてくれ。,,表情:目逸らし (眉:怒り / 目:逸らし / 口:閉じ),
DEFAULT_BAD_MOOD_REFUSAL_LINES[3],6. 逆質問・放置・不機嫌・端末反応,アッシュが不機嫌な時 ＞ 会話を拒否する汎用セリフ（パターン4）,アッシュの拒否セリフ,・・・・・・その話はまた今度にしろ。,,表情:目逸らし (眉:困り/悲しみ / 目:逸らし / 口:閉じ),
DEFAULT_BAD_MOOD_REFUSAL_LINES[4],6. 逆質問・放置・不機嫌・端末反応,アッシュが不機嫌な時 ＞ 会話を拒否する汎用セリフ（パターン5）,アッシュの拒否セリフ,・・・・・・今は少し頭を冷やしているところだ。,,表情:目逸らし (眉:困り/悲しみ / 目:伏せ / 口:への字),
ANGRY_COOLDOWN_REACTION::text,6. 逆質問・放置・不機嫌・端末反応,アッシュが不機嫌な時 ＞ 56秒間そっとしておいた時の自己鎮静セリフ,アッシュの鎮静セリフ,・・・・・・はぁ。・・・・・・俺も少し大人気なかったな。もういい、話したければ話せ。,,表情:目逸らし (眉:困り/悲しみ / 目:逸らし / 口:閉じ),
AWKWARD_TOPIC_PREFIXES[0],6. 逆質問・放置・不機嫌・端末反応,気まずい・不機嫌な空気の時 ＞ ガイが別の話題を切り出す前に挟む言い淀み（パターン1）,ガイの前置き一言,・・・・・・ええと、少し話を変えるが、,,,
AWKWARD_TOPIC_PREFIXES[1],6. 逆質問・放置・不機嫌・端末反応,気まずい・不機嫌な空気の時 ＞ ガイが別の話題を切り出す前に挟む言い淀み（パターン2）,ガイの前置き一言,・・・・・・いや、その・・・・・・それよりさ、,,,
AWKWARD_TOPIC_PREFIXES[2],6. 逆質問・放置・不機嫌・端末反応,気まずい・不機嫌な空気の時 ＞ ガイが別の話題を切り出す前に挟む言い淀み（パターン3）,ガイの前置き一言,・・・・・・なあ、こういう空気で聞くのもあれだけど、,,,
SERIOUS_TO_BRIGHT_TRANSITIONS[0]::guyHesitation,6. 逆質問・放置・不機嫌・端末反応,シリアスな話の直後に明るい雑談へ変えた時 ＞ ガイの言い淀み（パターン1）,ガイの前置き一言,・・・・・・いや、少し話が重くなったな。ええと・・・・・・。,,,
SERIOUS_TO_BRIGHT_TRANSITIONS[0]::aschTransition,6. 逆質問・放置・不機嫌・端末反応,シリアスな話の直後に明るい雑談へ変えた時 ＞ アッシュの反応（パターン1）,アッシュの前置き反応,・・・・・・なんだ、急に歯切れが悪いな。言いたいことがあるならはっきり言え。,,表情:目逸らし (眉:訝しみ / 目:逸らし / 口:閉じ),
SERIOUS_TO_BRIGHT_TRANSITIONS[1]::guyHesitation,6. 逆質問・放置・不機嫌・端末反応,シリアスな話の直後に明るい雑談へ変えた時 ＞ ガイの言い淀み（パターン2）,ガイの前置き一言,・・・・・・っと、こういう話ばかりでも詰まるよな。そういえばさ・・・・・・。,,,
SERIOUS_TO_BRIGHT_TRANSITIONS[1]::aschTransition,6. 逆質問・放置・不機嫌・端末反応,シリアスな話の直後に明るい雑談へ変えた時 ＞ アッシュの反応（パターン2）,アッシュの前置き反応,・・・・・・ふん、無理に気を使わなくてもいいだろうが。で、なんだ。,,表情:通常 (眉:困り/悲しみ / 目:逸らし / 口:閉じ),
TERMINAL_UNREVEALED_REACTIONS[0]::text,6. 逆質問・放置・不機嫌・端末反応,端末の正体を明かしていない状態 ＞ 端末を閉じた時のアッシュの反応（段階1）,アッシュのセリフ,・・・・・・人の顔と手元の板を交互に見て、さっきから何のつもりだ。,,表情:目逸らし (眉:訝しみ / 目:逸らし / 口:への字),
TERMINAL_UNREVEALED_REACTIONS[1]::text,6. 逆質問・放置・不機嫌・端末反応,端末の正体を明かしていない状態 ＞ 端末を閉じた時のアッシュの反応（段階2）,アッシュのセリフ,・・・・・・さっきからその板ばかり見やがって・・・・・・。用がないなら俺は戻るぞ。,,表情:睨み (眉:怒り / 目:睨み / 口:への字),
TERMINAL_UNREVEALED_REACTIONS[2]::text,6. 逆質問・放置・不機嫌・端末反応,端末の正体を明かしていない状態 ＞ 端末を閉じた時のアッシュの反応（段階3）,アッシュのセリフ,・・・・・・おい、聞いているのか。人の前で黙って板ばかり眺めるな。,,表情:睨み (眉:怒り / 目:睨み / 口:食いしばり),
TERMINAL_GAZE_REACTIONS[0]::text,6. 逆質問・放置・不機嫌・端末反応,端末の正体を明かした状態 ＞ 端末を閉じた時のアッシュの警戒セリフ（段階1）,アッシュの警戒セリフ,・・・・・・おい、さっきからその端末で何を見ている。,,表情:睨み (眉:訝しみ / 目:睨み / 口:への字 / 効果:汗),
TERMINAL_GAZE_REACTIONS[1]::text,6. 逆質問・放置・不機嫌・端末反応,端末の正体を明かした状態 ＞ 端末を閉じた時のアッシュの警戒セリフ（段階2）,アッシュの警戒セリフ,・・・・・・まさか、変な記録まで勝手に開けているんじゃないだろうな。,,表情:目逸らし (眉:怒り / 目:逸らし / 口:への字 / 効果:赤面+汗),
TERMINAL_GAZE_REACTIONS[2]::text,6. 逆質問・放置・不機嫌・端末反応,端末の正体を明かした状態 ＞ 端末を閉じた時のアッシュの警戒セリフ（段階3）,アッシュの警戒セリフ,・・・・・・言っておくが、これ以上奥の項目を漁るなよ。趣味が悪いからな。,,表情:睨み (眉:怒り / 目:睨み / 口:食いしばり / 効果:赤面+汗),
IDLE_REACTIONS[stage1]::text,6. 逆質問・放置・不機嫌・端末反応,無言放置（基本） ＞ 18秒間何も操作しなかった時の反応（段階1）,アッシュの放置反応,・・・・・・おい。黙り込んで何を見ている。,,表情:目逸らし (眉:訝しみ / 目:逸らし / 口:への字),
IDLE_REACTIONS[stage2]::text,6. 逆質問・放置・不機嫌・端末反応,無言放置（基本） ＞ 36秒間何も操作しなかった時の反応（段階2）,アッシュの放置反応,・・・・・・話すことがないなら、もう研究所へ戻ってもいいか。,,表情:通常 (眉:困り/悲しみ / 目:逸らし / 口:閉じ),
IDLE_REACTIONS[stage3]::text,6. 逆質問・放置・不機嫌・端末反応,無言放置（基本） ＞ 54秒間何も操作しなかった時の反応（段階3）,アッシュの放置反応,・・・・・・チッ、人を勝手に連れ込んでおいて放置か。いい加減にしろよ。,,表情:睨み (眉:怒り / 目:睨み / 口:への字),
CONTEXT_IDLE_REACTIONS[body].stage1::text,6. 逆質問・放置・不機嫌・端末反応,無言放置（文脈別：身体・素体の話の後） ＞ 18秒経過時（1段階目）,アッシュの放置反応,・・・・・・なんだよ。人の身体をじろじろ見るな。,,表情:目逸らし (眉:怒り / 目:逸らし / 口:への字 / 効果:赤面),
CONTEXT_IDLE_REACTIONS[body].stage2::text,6. 逆質問・放置・不機嫌・端末反応,無言放置（文脈別：身体・素体の話の後） ＞ 36秒経過時（2段階目）,アッシュの放置反応,・・・・・・以前の鉄塊よりは、今の形の方がまだマシだがな。,,表情:通常 (眉:困り/悲しみ / 目:伏せ / 口:閉じ),
CONTEXT_IDLE_REACTIONS[past].stage1::text,6. 逆質問・放置・不機嫌・端末反応,無言放置（文脈別：過去の話の後） ＞ 18秒経過時（1段階目）,アッシュの放置反応,・・・・・・昔の話ばかり掘り返して、何が楽しいんだ。,,表情:目逸らし (眉:困り/悲しみ / 目:逸らし / 口:閉じ),
CONTEXT_IDLE_REACTIONS[past].stage2::text,6. 逆質問・放置・不機嫌・端末反応,無言放置（文脈別：過去の話の後） ＞ 36秒経過時（2段階目）,アッシュの放置反応,・・・・・・まあ、おまえとこうして話すのも随分久しぶりだがな。,,表情:通常 (眉:通常 / 目:伏せ / 口:閉じ),
CONTEXT_IDLE_REACTIONS[daily].stage1::text,6. 逆質問・放置・不機嫌・端末反応,無言放置（文脈別：日常・お茶の話の後） ＞ 18秒経過時（1段階目）,アッシュの放置反応,・・・・・・相変わらず、静かな部屋だな。ディストの騒々しい実験室とは大違いだ。,,表情:通常 (眉:通常 / 目:逸らし / 口:閉じ),
CONTEXT_IDLE_REACTIONS[daily].stage2::text,6. 逆質問・放置・不機嫌・端末反応,無言放置（文脈別：日常・お茶の話の後） ＞ 36秒経過時（2段階目）,アッシュの放置反応,・・・・・・少しだけなら、まだ居てやってもいい。,,表情:目逸らし (眉:通常 / 目:伏せ / 口:閉じ / 効果:赤面),
CONTEXT_IDLE_REACTIONS[friends].stage1::text,6. 逆質問・放置・不機嫌・端末反応,無言放置（文脈別：仲間の近況の話の後） ＞ 18秒経過時（1段階目）,アッシュの放置反応,・・・・・・あいつらが元気でやっているなら、それでいい。,,表情:目逸らし (眉:困り/悲しみ / 目:伏せ / 口:閉じ),
CONTEXT_IDLE_REACTIONS[friends].stage2::text,6. 逆質問・放置・不機嫌・端末反応,無言放置（文脈別：仲間の近況の話の後） ＞ 36秒経過時（2段階目）,アッシュの放置反応,・・・・・・おまえも、あまり余計な気を回すなよ。,,表情:通常 (眉:困り/悲しみ / 目:逸らし / 口:閉じ),
CONTEXT_IDLE_REACTIONS[core].stage1::text,6. 逆質問・放置・不機嫌・端末反応,無言放置（文脈別：核心・シリアスな話の後） ＞ 18秒経過時（1段階目）,アッシュの放置反応,・・・・・・おい、さっきから何を考え込んでいる。,,表情:睨み (眉:訝しみ / 目:睨み / 口:への字 / 効果:汗),
CONTEXT_IDLE_REACTIONS[core].stage2::text,6. 逆質問・放置・不機嫌・端末反応,無言放置（文脈別：核心・シリアスな話の後） ＞ 36秒経過時（2段階目）,アッシュの放置反応,・・・・・・変な詮索はそこまでにしておけよ、ガイ。,,表情:目逸らし (眉:困り/悲しみ / 目:逸らし / 口:への字 / 効果:汗),
CONTEXT_IDLE_REACTIONS[fight].stage1::text,6. 逆質問・放置・不機嫌・端末反応,無言放置（文脈別：言い争い・衝突の後） ＞ 18秒経過時（1段階目）,アッシュの放置反応,・・・・・・チッ。,,表情:睨み (眉:怒り / 目:逸らし / 口:への字),
CONTEXT_IDLE_REACTIONS[fight].stage2::text,6. 逆質問・放置・不機嫌・端末反応,無言放置（文脈別：言い争い・衝突の後） ＞ 36秒経過時（2段階目）,アッシュの放置反応,・・・・・・はぁ。もういい、今のは忘れろ。,,表情:目逸らし (眉:困り/悲しみ / 目:伏せ / 口:閉じ),
RETURN_FROM_IDLE_LINES[0],6. 逆質問・放置・不機嫌・端末反応,無言放置した後にガイが再び話しかけた時 ＞ 本題の前にアッシュが挟む一言（パターン1）,アッシュの復帰一言,・・・・・・なんだ、やっと口を開いたか。,,,
RETURN_FROM_IDLE_LINES[1],6. 逆質問・放置・不機嫌・端末反応,無言放置した後にガイが再び話しかけた時 ＞ 本題の前にアッシュが挟む一言（パターン2）,アッシュの復帰一言,・・・・・・急に黙り込むから、何を考えているのかと思っただろうが。,,,
RETURN_FROM_IDLE_LINES[2],6. 逆質問・放置・不機嫌・端末反応,無言放置した後にガイが再び話しかけた時 ＞ 本題の前にアッシュが挟む一言（パターン3）,アッシュの復帰一言,・・・・・・ふん、まだ話すことがあるなら聞いてやる。,,,
AWAY_RETURN_REACTIONS.phase1[0]::text,6. 逆質問・放置・不機嫌・端末反応,別タブ・別ウィンドウから画面に戻った時 ＞ Phase1（1回目）,アッシュの離席復帰反応,・・・・・・視線が外れたな。質問がないなら、俺はいつでも研究所へ戻る。,,表情:通常 (眉:通常 / 目:通常 / 口:閉じ),
AWAY_RETURN_REACTIONS.phase1[1]::text,6. 逆質問・放置・不機嫌・端末反応,別タブ・別ウィンドウから画面に戻った時 ＞ Phase1（2回目）,アッシュの離席復帰反応,・・・・・・人を部屋に連れ込んでおいて、よそ見とはいい気なものだな。,,表情:目逸らし (眉:怒り / 目:逸らし / 口:への字),
AWAY_RETURN_REACTIONS.phase1[2]::text,6. 逆質問・放置・不機嫌・端末反応,別タブ・別ウィンドウから画面に戻った時 ＞ Phase1（3回目）,アッシュの離席復帰反応,・・・・・・まだ他に気を取られているのか。用が済んだなら帰らせろ。,,表情:睨み (眉:怒り / 目:睨み / 口:への字),
AWAY_RETURN_REACTIONS.angry[0]::text,6. 逆質問・放置・不機嫌・端末反応,別タブ・別ウィンドウから画面に戻った時 ＞ Phase2 不機嫌状態（1回目）,アッシュの離席復帰反応,・・・・・・どこへ目を逸らしていたんだ、おい。,,表情:睨み (眉:怒り / 目:睨み / 口:への字),
AWAY_RETURN_REACTIONS.angry[1]::text,6. 逆質問・放置・不機嫌・端末反応,別タブ・別ウィンドウから画面に戻った時 ＞ Phase2 不機嫌状態（2回目）,アッシュの離席復帰反応,・・・・・・人の顔も見ずに考え事か。感じが悪いぞ、ガイ。,,表情:睨み (眉:怒り / 目:逸らし / 口:食いしばり),
AWAY_RETURN_REACTIONS.angry[2]::text,6. 逆質問・放置・不機嫌・端末反応,別タブ・別ウィンドウから画面に戻った時 ＞ Phase2 不機嫌状態（3回目）,アッシュの離席復帰反応,・・・・・・チッ、話す気がないなら勝手にしろ。,,表情:目逸らし (眉:怒り / 目:伏せ / 口:への字),
AWAY_RETURN_REACTIONS.normal[0]::text,6. 逆質問・放置・不機嫌・端末反応,別タブ・別ウィンドウから画面に戻った時 ＞ Phase2 通常状態（1回目）,アッシュの離席復帰反応,・・・・・・なんだ、急によそ見をして。考え事でもしていたのか。,,表情:通常 (眉:訝しみ / 目:通常 / 口:閉じ),
AWAY_RETURN_REACTIONS.normal[1]::text,6. 逆質問・放置・不機嫌・端末反応,別タブ・別ウィンドウから画面に戻った時 ＞ Phase2 通常状態（2回目）,アッシュの離席復帰反応,・・・・・・おい、人の話を聞きながら別のことを考えるな。,,表情:目逸らし (眉:怒り / 目:逸らし / 口:への字 / 効果:赤面),
AWAY_RETURN_REACTIONS.normal[2]::text,6. 逆質問・放置・不機嫌・端末反応,別タブ・別ウィンドウから画面に戻った時 ＞ Phase2 通常状態（3回目）,アッシュの離席復帰反応,・・・・・・まったく、落ち着きのない奴だな。もう用は済んだのか？,,表情:目逸らし (眉:困り/悲しみ / 目:逸らし / 口:閉じ),
FINAL_ASCH_QUESTION_LINE,7. Phase3 終幕・全エンディング,Phase3 終幕 ＞ アッシュからの最後の問いかけ（「おまえから見て、今の俺は誰に見える？」）,アッシュの問いかけ,・・・・・・なあ、ガイ。最後に1つだけ聞かせろ。 ／ ・・・・・・おまえから見て、今の俺は誰に見える？,,,
PHASE3_WHO_AM_I_OPTIONS[p3_ans_asch]::thoughtText,7. Phase3 終幕・全エンディング,Phase3「今の俺は誰に見える？」への回答 ＞ 選択肢(1/6)「「アッシュだ」」,選択肢ラベル,「アッシュだ」,,,
PHASE3_WHO_AM_I_OPTIONS[p3_ans_asch]::spokenText,7. Phase3 終幕・全エンディング,Phase3「今の俺は誰に見える？」への回答 ＞ 選択肢(1/6)「「アッシュだ」」,ガイのセリフ,・・・・・・アッシュだ。身体が10歳の機械だろうが、記憶にどんな空白があろうが、俺の目の前で憎まれ口を叩いているおまえは、紛れもなくアッシュだよ。,,,
PHASE3_WHO_AM_I_OPTIONS[p3_ans_asch]::aschText,7. Phase3 終幕・全エンディング,Phase3「今の俺は誰に見える？」への回答 ＞ 選択肢(1/6)「「アッシュだ」」,アッシュの返答,・・・・・・っ、馬鹿か貴様は。こんな不格好な機械の身体を見て、よくそんなことが言えるな。 ／ ・・・・・・本物の俺は、3年前のエルドラントでもう死んだんだ。それでもおまえは、俺をアッシュだと呼ぶ気か？,,表情:目逸らし (眉:困り/悲しみ / 目:逸らし / 口:への字 / 効果:赤面+汗),
PHASE3_WHO_AM_I_OPTIONS[p3_ans_asch][p3_ans_asch_2a]::thoughtText,7. Phase3 終幕・全エンディング,Phase3「今の俺は誰に見える？」への回答 ＞ 選択肢(1/6)「「アッシュだ」」 ＞ 選択肢(1/2)「「ああ、何度でも呼ぶさ。その不器用さもプライドも、おまえ自身のものだからな」」,選択肢ラベル,「ああ、何度でも呼ぶさ。その不器用さもプライドも、おまえ自身のものだからな」,,,
PHASE3_WHO_AM_I_OPTIONS[p3_ans_asch][p3_ans_asch_2a]::spokenText,7. Phase3 終幕・全エンディング,Phase3「今の俺は誰に見える？」への回答 ＞ 選択肢(1/6)「「アッシュだ」」 ＞ 選択肢(1/2)「「ああ、何度でも呼ぶさ。その不器用さもプライドも、おまえ自身のものだからな」」,ガイのセリフ,ああ、何度でも呼ぶさ。その不器用さも、素直に礼ひとつ言えないプライドの高さも、他の誰でもないおまえ自身のものだからな。,,,
PHASE3_WHO_AM_I_OPTIONS[p3_ans_asch][p3_ans_asch_2a]::aschText,7. Phase3 終幕・全エンディング,Phase3「今の俺は誰に見える？」への回答 ＞ 選択肢(1/6)「「アッシュだ」」 ＞ 選択肢(1/2)「「ああ、何度でも呼ぶさ。その不器用さもプライドも、おまえ自身のものだからな」」,アッシュの返答,・・・・・・ふん、勝手にしろ。おまえのそういうお人好しなところは、昔から本当に虫酸が走る。 ／ ・・・・・・だが、まあ・・・・・・悪くはなかった。茶くらいなら、また飲みに来てやらなくもない。じゃあな、ガイ。,,表情:通常 (眉:柔和 / 目:逸らし / 口:閉じ / 効果:赤面),
PHASE3_WHO_AM_I_OPTIONS[p3_ans_asch][p3_ans_asch_2b]::thoughtText,7. Phase3 終幕・全エンディング,Phase3「今の俺は誰に見える？」への回答 ＞ 選択肢(1/6)「「アッシュだ」」 ＞ 選択肢(2/2)「「昔、屋敷でおまえの背中を睨んでいた俺が言うんだ。間違えるわけがないだろ」」,選択肢ラベル,「昔、屋敷でおまえの背中を睨んでいた俺が言うんだ。間違えるわけがないだろ」,,,
PHASE3_WHO_AM_I_OPTIONS[p3_ans_asch][p3_ans_asch_2b]::spokenText,7. Phase3 終幕・全エンディング,Phase3「今の俺は誰に見える？」への回答 ＞ 選択肢(1/6)「「アッシュだ」」 ＞ 選択肢(2/2)「「昔、屋敷でおまえの背中を睨んでいた俺が言うんだ。間違えるわけがないだろ」」,ガイのセリフ,昔、ファブレ邸でおまえの背中をずっと睨んでいた俺が言うんだ。おまえがアッシュかどうかくらい、俺が間違えるわけないだろ。,,,
PHASE3_WHO_AM_I_OPTIONS[p3_ans_asch][p3_ans_asch_2b]::aschText,7. Phase3 終幕・全エンディング,Phase3「今の俺は誰に見える？」への回答 ＞ 選択肢(1/6)「「アッシュだ」」 ＞ 選択肢(2/2)「「昔、屋敷でおまえの背中を睨んでいた俺が言うんだ。間違えるわけがないだろ」」,アッシュの返答,・・・・・・ハッ、違いないな。元復讐者にそこまで太鼓判を押されりゃ、嫌でも認めるしかなさそうだ。 ／ ・・・・・・今日のところは帰る。外の連中には黙っておけよ、ガイ。,,表情:目逸らし (眉:柔和 / 目:逸らし / 口:閉じ / 効果:赤面),
PHASE3_WHO_AM_I_OPTIONS[p3_ans_machine]::thoughtText,7. Phase3 終幕・全エンディング,Phase3「今の俺は誰に見える？」への回答 ＞ 選択肢(2/6)「「・・・・・・ただの機械（タルロウA）だな」」,選択肢ラベル,「・・・・・・ただの機械（タルロウA）だな」,,,
PHASE3_WHO_AM_I_OPTIONS[p3_ans_machine]::spokenText,7. Phase3 終幕・全エンディング,Phase3「今の俺は誰に見える？」への回答 ＞ 選択肢(2/6)「「・・・・・・ただの機械（タルロウA）だな」」,ガイのセリフ,・・・・・・ディストが造った、ただの自律型機体『タルロウA』だな。アッシュは3年前のエルドラントで死んだよ。,,,
PHASE3_WHO_AM_I_OPTIONS[p3_ans_machine]::aschText,7. Phase3 終幕・全エンディング,Phase3「今の俺は誰に見える？」への回答 ＞ 選択肢(2/6)「「・・・・・・ただの機械（タルロウA）だな」」,アッシュの返答,・・・・・・そうか。最初からそう言っていれば、お互いに無駄な時間を過ごさずに済んだものを。 ／ ・・・・・・それでいい。死んだ人間がいつまでも亡霊みたいにうろつく道理はないからな。,,表情:目逸らし (眉:困り/悲しみ / 目:伏せ / 口:閉じ),
PHASE3_WHO_AM_I_OPTIONS[p3_ans_machine][p3_ans_machine_2a]::thoughtText,7. Phase3 終幕・全エンディング,Phase3「今の俺は誰に見える？」への回答 ＞ 選択肢(2/6)「「・・・・・・ただの機械（タルロウA）だな」」 ＞ 選択肢(1/2)「「死んだアッシュの分まで背負わず、ただの機械として気楽に稼働しろよ」」,選択肢ラベル,「死んだアッシュの分まで背負わず、ただの機械として気楽に稼働しろよ」,,,
PHASE3_WHO_AM_I_OPTIONS[p3_ans_machine][p3_ans_machine_2a]::spokenText,7. Phase3 終幕・全エンディング,Phase3「今の俺は誰に見える？」への回答 ＞ 選択肢(2/6)「「・・・・・・ただの機械（タルロウA）だな」」 ＞ 選択肢(1/2)「「死んだアッシュの分まで背負わず、ただの機械として気楽に稼働しろよ」」,ガイのセリフ,・・・・・・ああ。だからおまえは、死んだアッシュの過去やしがらみなんか全部忘れて、ただの機械として気楽に稼働していろよ。,,,
PHASE3_WHO_AM_I_OPTIONS[p3_ans_machine][p3_ans_machine_2a]::aschText,7. Phase3 終幕・全エンディング,Phase3「今の俺は誰に見える？」への回答 ＞ 選択肢(2/6)「「・・・・・・ただの機械（タルロウA）だな」」 ＞ 選択肢(1/2)「「死んだアッシュの分まで背負わず、ただの機械として気楽に稼働しろよ」」,アッシュの返答,・・・・・・余計なお世話だ。機械に気楽もクソもあるか。 ／ ・・・・・・研究所へ戻る。次に研究所へ来ても、二度と俺に構うなよ。,,表情:目逸らし (眉:困り/悲しみ / 目:逸らし / 口:閉じ),
PHASE3_WHO_AM_I_OPTIONS[p3_ans_machine][p3_ans_machine_2b]::thoughtText,7. Phase3 終幕・全エンディング,Phase3「今の俺は誰に見える？」への回答 ＞ 選択肢(2/6)「「・・・・・・ただの機械（タルロウA）だな」」 ＞ 選択肢(2/2)「「これ以上ここにいても過去の亡霊に振り回されるだけだ。研究所へ戻れ」」,選択肢ラベル,「これ以上ここにいても過去の亡霊に振り回されるだけだ。研究所へ戻れ」,,,
PHASE3_WHO_AM_I_OPTIONS[p3_ans_machine][p3_ans_machine_2b]::spokenText,7. Phase3 終幕・全エンディング,Phase3「今の俺は誰に見える？」への回答 ＞ 選択肢(2/6)「「・・・・・・ただの機械（タルロウA）だな」」 ＞ 選択肢(2/2)「「これ以上ここにいても過去の亡霊に振り回されるだけだ。研究所へ戻れ」」,ガイのセリフ,これ以上ここにいても、お互いに過去の亡霊に振り回されるだけだ。ディストの研究所へ戻れよ。,,,
PHASE3_WHO_AM_I_OPTIONS[p3_ans_machine][p3_ans_machine_2b]::aschText,7. Phase3 終幕・全エンディング,Phase3「今の俺は誰に見える？」への回答 ＞ 選択肢(2/6)「「・・・・・・ただの機械（タルロウA）だな」」 ＞ 選択肢(2/2)「「これ以上ここにいても過去の亡霊に振り回されるだけだ。研究所へ戻れ」」,アッシュの返答,・・・・・・言われなくてもそうする。じゃあな、ガイ・セシル。,,表情:目逸らし (眉:通常 / 目:逸らし / 口:閉じ),
PHASE3_WHO_AM_I_OPTIONS[p3_ans_machine_swampman]::thoughtText,7. Phase3 終幕・全エンディング,Phase3「今の俺は誰に見える？」への回答 ＞ 選択肢(3/6)「「・・・・・・ただの機械（タルロウA）だな」」,選択肢ラベル,「・・・・・・ただの機械（タルロウA）だな」,,,
PHASE3_WHO_AM_I_OPTIONS[p3_ans_machine_swampman]::spokenText,7. Phase3 終幕・全エンディング,Phase3「今の俺は誰に見える？」への回答 ＞ 選択肢(3/6)「「・・・・・・ただの機械（タルロウA）だな」」,ガイのセリフ,・・・・・・ディストが造った、ただの機械『タルロウA』だな。アッシュは3年前のエルドラントで死んだよ。,,,
PHASE3_WHO_AM_I_OPTIONS[p3_ans_machine_swampman]::aschText,7. Phase3 終幕・全エンディング,Phase3「今の俺は誰に見える？」への回答 ＞ 選択肢(3/6)「「・・・・・・ただの機械（タルロウA）だな」」,アッシュの返答,・・・・・・そうか。おまえがそう言うなら、そうなんだろうな。 ／ ・・・・・・道理で、目が覚めた時からずっと空っぽなわけだ。,,表情:虚ろ (眉:困り/悲しみ / 目:虚ろ / 口:閉じ / 効果:青ざめ) 声:震え小声,
PHASE3_WHO_AM_I_OPTIONS[p3_ans_machine_swampman][p3_ans_machine_swampman_2a]::thoughtText,7. Phase3 終幕・全エンディング,Phase3「今の俺は誰に見える？」への回答 ＞ 選択肢(3/6)「「・・・・・・ただの機械（タルロウA）だな」」 ＞ 選択肢(1/1)「「・・・・・・っ、待てよ。機械の身体に記憶だけがあるおまえがアッシュじゃないなら・・・・・・」」,選択肢ラベル,「・・・・・・っ、待てよ。機械の身体に記憶だけがあるおまえがアッシュじゃないなら・・・・・・」,,,
PHASE3_WHO_AM_I_OPTIONS[p3_ans_machine_swampman][p3_ans_machine_swampman_2a]::spokenText,7. Phase3 終幕・全エンディング,Phase3「今の俺は誰に見える？」への回答 ＞ 選択肢(3/6)「「・・・・・・ただの機械（タルロウA）だな」」 ＞ 選択肢(1/1)「「・・・・・・っ、待てよ。機械の身体に記憶だけがあるおまえがアッシュじゃないなら・・・・・・」」,ガイのセリフ,・・・・・・っ、待てよ。もし機械の身体に記憶だけがあるおまえを『アッシュじゃない』とするなら・・・・・・。,,,
PHASE3_WHO_AM_I_OPTIONS[p3_ans_machine_swampman][p3_ans_machine_swampman_2a]::aschText,7. Phase3 終幕・全エンディング,Phase3「今の俺は誰に見える？」への回答 ＞ 選択肢(3/6)「「・・・・・・ただの機械（タルロウA）だな」」 ＞ 選択肢(1/1)「「・・・・・・っ、待てよ。機械の身体に記憶だけがあるおまえがアッシュじゃないなら・・・・・・」」,アッシュの返答,・・・・・・もういい。俺は研究所へ戻る。二度と俺に構うな、ガイ。,,表情:目逸らし (眉:困り/悲しみ / 目:伏せ / 口:閉じ / 効果:青ざめ),
PHASE3_WHO_AM_I_OPTIONS[p3_ans_present_you]::thoughtText,7. Phase3 終幕・全エンディング,Phase3「今の俺は誰に見える？」への回答 ＞ 選択肢(4/6)「「アッシュでも機械でもない。今の、おまえだよ」」,選択肢ラベル,「アッシュでも機械でもない。今の、おまえだよ」,,,
PHASE3_WHO_AM_I_OPTIONS[p3_ans_present_you]::spokenText,7. Phase3 終幕・全エンディング,Phase3「今の俺は誰に見える？」への回答 ＞ 選択肢(4/6)「「アッシュでも機械でもない。今の、おまえだよ」」,ガイのセリフ,3年前に死んだ生前のアッシュそのものでもないし、かといってただの機械でもない。・・・・・・今ここで俺と向き合って、自分の意志で喋っている『今のおまえ』だよ。,,,
PHASE3_WHO_AM_I_OPTIONS[p3_ans_present_you]::aschText,7. Phase3 終幕・全エンディング,Phase3「今の俺は誰に見える？」への回答 ＞ 選択肢(4/6)「「アッシュでも機械でもない。今の、おまえだよ」」,アッシュの返答,・・・・・・『今の俺』だと？　生前のアッシュでもなく、ただのタルロウAでもなく・・・・・・。 ／ ・・・・・・妙なことを言う奴だな、おまえは。そんな中途半端な存在に、何の意味があると言うんだ。,,表情:通常 (眉:訝しみ / 目:通常 / 口:閉じ),
PHASE3_WHO_AM_I_OPTIONS[p3_ans_present_you][p3_ans_present_2a]::thoughtText,7. Phase3 終幕・全エンディング,Phase3「今の俺は誰に見える？」への回答 ＞ 選択肢(4/6)「「アッシュでも機械でもない。今の、おまえだよ」」 ＞ 選択肢(1/2)「「意味なんてこれから作ればいい。ルークだって自分の足で歩いたんだからな」」,選択肢ラベル,「意味なんてこれから作ればいい。ルークだって自分の足で歩いたんだからな」,,,
PHASE3_WHO_AM_I_OPTIONS[p3_ans_present_you][p3_ans_present_2a]::spokenText,7. Phase3 終幕・全エンディング,Phase3「今の俺は誰に見える？」への回答 ＞ 選択肢(4/6)「「アッシュでも機械でもない。今の、おまえだよ」」 ＞ 選択肢(1/2)「「意味なんてこれから作ればいい。ルークだって自分の足で歩いたんだからな」」,ガイのセリフ,意味なんて、これから自分で作っていけばいいさ。かつてレプリカとして生まれたルークだって、おまえの影じゃなく、あいつ自身の足で歩いたんだからな。,,,
PHASE3_WHO_AM_I_OPTIONS[p3_ans_present_you][p3_ans_present_2a]::aschText,7. Phase3 終幕・全エンディング,Phase3「今の俺は誰に見える？」への回答 ＞ 選択肢(4/6)「「アッシュでも機械でもない。今の、おまえだよ」」 ＞ 選択肢(1/2)「「意味なんてこれから作ればいい。ルークだって自分の足で歩いたんだからな」」,アッシュの返答,・・・・・・っ！　・・・・・・あいつと一緒にするなと言いたいところだが、今の俺には何も言い返せそうにないな。 ／ ・・・・・・ふん、少しは考えておいてやる。また気が向いたら顔を出してやるから、茶でも用意しておけ。,,表情:目逸らし (眉:柔和 / 目:逸らし / 口:閉じ / 効果:赤面),
PHASE3_WHO_AM_I_OPTIONS[p3_ans_present_you][p3_ans_present_2b]::thoughtText,7. Phase3 終幕・全エンディング,Phase3「今の俺は誰に見える？」への回答 ＞ 選択肢(4/6)「「アッシュでも機械でもない。今の、おまえだよ」」 ＞ 選択肢(2/2)「「今こうして俺の部屋で向き合って憎まれ口を叩いている、それだけで十分だろ」」,選択肢ラベル,「今こうして俺の部屋で向き合って憎まれ口を叩いている、それだけで十分だろ」,,,
PHASE3_WHO_AM_I_OPTIONS[p3_ans_present_you][p3_ans_present_2b]::spokenText,7. Phase3 終幕・全エンディング,Phase3「今の俺は誰に見える？」への回答 ＞ 選択肢(4/6)「「アッシュでも機械でもない。今の、おまえだよ」」 ＞ 選択肢(2/2)「「今こうして俺の部屋で向き合って憎まれ口を叩いている、それだけで十分だろ」」,ガイのセリフ,大層な意味なんてなくたっていいだろ。少なくとも、今こうして俺の部屋で向き合って憎まれ口を叩いている、それだけで十分じゃないか。,,,
PHASE3_WHO_AM_I_OPTIONS[p3_ans_present_you][p3_ans_present_2b]::aschText,7. Phase3 終幕・全エンディング,Phase3「今の俺は誰に見える？」への回答 ＞ 選択肢(4/6)「「アッシュでも機械でもない。今の、おまえだよ」」 ＞ 選択肢(2/2)「「今こうして俺の部屋で向き合って憎まれ口を叩いている、それだけで十分だろ」」,アッシュの返答,・・・・・・どこまでも呑気な奴だな、おまえは。 ／ ・・・・・・だが、そうやって定義を押し付けられないのは、案外悪くない。じゃあな、ガイ。,,表情:通常 (眉:柔和 / 目:逸らし / 口:閉じ),
PHASE3_WHO_AM_I_OPTIONS[p3_ans_tomorrow_meal]::thoughtText,7. Phase3 終幕・全エンディング,Phase3「今の俺は誰に見える？」への回答 ＞ 選択肢(5/6)「「腹が減ったな。・・・・・・明日、美味いもんでも食いに行くか」」,選択肢ラベル,「腹が減ったな。・・・・・・明日、美味いもんでも食いに行くか」,,,
PHASE3_WHO_AM_I_OPTIONS[p3_ans_tomorrow_meal]::spokenText,7. Phase3 終幕・全エンディング,Phase3「今の俺は誰に見える？」への回答 ＞ 選択肢(5/6)「「腹が減ったな。・・・・・・明日、美味いもんでも食いに行くか」」,ガイのセリフ,・・・・・・なんだか急に腹が減ったな。なあ、難しい話はもう終わりにして、明日あたり街で美味いもんでも食いに行くか？,,,
PHASE3_WHO_AM_I_OPTIONS[p3_ans_tomorrow_meal]::aschText,7. Phase3 終幕・全エンディング,Phase3「今の俺は誰に見える？」への回答 ＞ 選択肢(5/6)「「腹が減ったな。・・・・・・明日、美味いもんでも食いに行くか」」,アッシュの返答,・・・・・・は？　貴様、人が真面目に聞いている時に何の冗談だ！ ／ それに、この機械の身体に食事機能などついていないと知ってて言っているのか！,,表情:睨み (眉:怒り / 目:睨み / 口:叫び / 効果:赤面+汗) 声:大声揺れ,
PHASE3_WHO_AM_I_OPTIONS[p3_ans_tomorrow_meal][p3_ans_tomorrow_2a]::thoughtText,7. Phase3 終幕・全エンディング,Phase3「今の俺は誰に見える？」への回答 ＞ 選択肢(5/6)「「腹が減ったな。・・・・・・明日、美味いもんでも食いに行くか」」 ＞ 選択肢(1/2)「「明日また連れ出すのも面倒だし、今夜はそこのソファを使っていけよ」」,選択肢ラベル,「明日また連れ出すのも面倒だし、今夜はそこのソファを使っていけよ」,,,
PHASE3_WHO_AM_I_OPTIONS[p3_ans_tomorrow_meal][p3_ans_tomorrow_2a]::spokenText,7. Phase3 終幕・全エンディング,Phase3「今の俺は誰に見える？」への回答 ＞ 選択肢(5/6)「「腹が減ったな。・・・・・・明日、美味いもんでも食いに行くか」」 ＞ 選択肢(1/2)「「明日また連れ出すのも面倒だし、今夜はそこのソファを使っていけよ」」,ガイのセリフ,おまえは隣で茶でも飲んでればいいさ。明日また研究所から連れ出すのも面倒だし、今夜は帰らずにそこのソファを使っていけよ。,,,
PHASE3_WHO_AM_I_OPTIONS[p3_ans_tomorrow_meal][p3_ans_tomorrow_2a]::aschText,7. Phase3 終幕・全エンディング,Phase3「今の俺は誰に見える？」への回答 ＞ 選択肢(5/6)「「腹が減ったな。・・・・・・明日、美味いもんでも食いに行くか」」 ＞ 選択肢(1/2)「「明日また連れ出すのも面倒だし、今夜はそこのソファを使っていけよ」」,アッシュの返答,・・・・・・っ、なんで俺が貴様の部屋に泊まらなければならんのだ！ ／ ・・・・・・チッ、勝手にしろ。明日の茶葉がまずかったら承知しないからな。,,表情:目逸らし (眉:怒り / 目:逸らし / 口:への字 / 効果:赤面),
PHASE3_WHO_AM_I_OPTIONS[p3_ans_tomorrow_meal][p3_ans_tomorrow_2b]::thoughtText,7. Phase3 終幕・全エンディング,Phase3「今の俺は誰に見える？」への回答 ＞ 選択肢(5/6)「「腹が減ったな。・・・・・・明日、美味いもんでも食いに行くか」」 ＞ 選択肢(2/2)「「答えなんて急がなくていい。今夜はこの部屋で休んでいけ」」,選択肢ラベル,「答えなんて急がなくていい。今夜はこの部屋で休んでいけ」,,,
PHASE3_WHO_AM_I_OPTIONS[p3_ans_tomorrow_meal][p3_ans_tomorrow_2b]::spokenText,7. Phase3 終幕・全エンディング,Phase3「今の俺は誰に見える？」への回答 ＞ 選択肢(5/6)「「腹が減ったな。・・・・・・明日、美味いもんでも食いに行くか」」 ＞ 選択肢(2/2)「「答えなんて急がなくていい。今夜はこの部屋で休んでいけ」」,ガイのセリフ,おまえが誰なのかなんて、今夜急いで白黒つけなくてもいいってことさ。もう遅いし、今夜はこの部屋で休んでいけよ。,,,
PHASE3_WHO_AM_I_OPTIONS[p3_ans_tomorrow_meal][p3_ans_tomorrow_2b]::aschText,7. Phase3 終幕・全エンディング,Phase3「今の俺は誰に見える？」への回答 ＞ 選択肢(5/6)「「腹が減ったな。・・・・・・明日、美味いもんでも食いに行くか」」 ＞ 選択肢(2/2)「「答えなんて急がなくていい。今夜はこの部屋で休んでいけ」」,アッシュの返答,・・・・・・やれやれ、おまえと話していると調子が狂う。 ／ ・・・・・・分かったよ。そのくだらない問答の続きは、また明日にでもしてやる。,,表情:通常 (眉:柔和 / 目:逸らし / 口:閉じ / 効果:赤面),
PHASE3_WHO_AM_I_OPTIONS[p3_ans_mercy_destroy]::thoughtText,7. Phase3 終幕・全エンディング,Phase3「今の俺は誰に見える？」への回答 ＞ 選択肢(6/6)「「・・・・・・もう十分苦しんだだろ。俺の手で、アッシュとして眠らせてやる」」,選択肢ラベル,「・・・・・・もう十分苦しんだだろ。俺の手で、アッシュとして眠らせてやる」,,,
PHASE3_WHO_AM_I_OPTIONS[p3_ans_mercy_destroy]::spokenText,7. Phase3 終幕・全エンディング,Phase3「今の俺は誰に見える？」への回答 ＞ 選択肢(6/6)「「・・・・・・もう十分苦しんだだろ。俺の手で、アッシュとして眠らせてやる」」,ガイのセリフ,・・・・・・おまえは紛れもなくアッシュだ。だけど、ルークの居場所を守るために消えようとしたおまえを、これ以上ディストの玩具として機械の身体に閉じ込めておくわけにはいかない。,,,
PHASE3_WHO_AM_I_OPTIONS[p3_ans_mercy_destroy]::aschText,7. Phase3 終幕・全エンディング,Phase3「今の俺は誰に見える？」への回答 ＞ 選択肢(6/6)「「・・・・・・もう十分苦しんだだろ。俺の手で、アッシュとして眠らせてやる」」,アッシュの返答,・・・・・・っ、ガイ・・・・・・貴様、全部知っていやがったのか。 ／ ・・・・・・それで、どうする気だ。その剣を抜いて、ここで俺を壊すか？,,表情:通常 (眉:困り/悲しみ / 目:通常 / 口:閉じ / 効果:青ざめ),
PHASE3_WHO_AM_I_OPTIONS[p3_ans_mercy_destroy][p3_ans_mercy_destroy_2a]::thoughtText,7. Phase3 終幕・全エンディング,Phase3「今の俺は誰に見える？」への回答 ＞ 選択肢(6/6)「「・・・・・・もう十分苦しんだだろ。俺の手で、アッシュとして眠らせてやる」」 ＞ 選択肢(1/1)「「ああ。二度とノイズにも記憶にも苦しまないよう、俺の手で終わらせる」と剣を抜く」,選択肢ラベル,「ああ。二度とノイズにも記憶にも苦しまないよう、俺の手で終わらせる」と剣を抜く,,,
PHASE3_WHO_AM_I_OPTIONS[p3_ans_mercy_destroy][p3_ans_mercy_destroy_2a]::spokenText,7. Phase3 終幕・全エンディング,Phase3「今の俺は誰に見える？」への回答 ＞ 選択肢(6/6)「「・・・・・・もう十分苦しんだだろ。俺の手で、アッシュとして眠らせてやる」」 ＞ 選択肢(1/1)「「ああ。二度とノイズにも記憶にも苦しまないよう、俺の手で終わらせる」と剣を抜く」,ガイのセリフ,・・・・・・ああ。二度とノイズにも、消えない記憶にも苦しまなくていいように、俺の手で終わらせてやる。・・・・・・おやすみ、アッシュ。,,,
PHASE3_WHO_AM_I_OPTIONS[p3_ans_mercy_destroy][p3_ans_mercy_destroy_2a]::aschText,7. Phase3 終幕・全エンディング,Phase3「今の俺は誰に見える？」への回答 ＞ 選択肢(6/6)「「・・・・・・もう十分苦しんだだろ。俺の手で、アッシュとして眠らせてやる」」 ＞ 選択肢(1/1)「「ああ。二度とノイズにも記憶にも苦しまないよう、俺の手で終わらせる」と剣を抜く」,アッシュの返答,・・・・・・ふん。元復讐者の貴様に介錯されるなら、悪くない幕引きだな。 ／ ・・・・・・悪かったな、ガイ・・・・・・。,,表情:通常 (眉:柔和 / 目:閉じ / 口:閉じ / 効果:青ざめ+涙) 声:震え小声,
PHASE3_SILENT_TIMEOUT::aschWithdraw,7. Phase3 終幕・全エンディング,Phase3「今の俺は誰に見える？」 ＞ 30秒間無言（タイムアウト）だった時のアッシュの取り下げセリフ,アッシュの返答,・・・・・・。 ／ ・・・・・・いや、いい。忘れてくれ。,,,
PHASE3_SILENT_TIMEOUT_OPTIONS[p3_silent_watch_back]::thoughtText,7. Phase3 終幕・全エンディング,Phase3 30秒無言タイムアウト直後の最終行動選択 ＞ 選択肢(1/2)「呼び止めず、無言のまま小さな背中を見送る」,選択肢ラベル,呼び止めず、無言のまま小さな背中を見送る,,,
PHASE3_SILENT_TIMEOUT_OPTIONS[p3_silent_watch_back]::spokenText,7. Phase3 終幕・全エンディング,Phase3 30秒無言タイムアウト直後の最終行動選択 ＞ 選択肢(1/2)「呼び止めず、無言のまま小さな背中を見送る」,ガイのセリフ,・・・・・・。,,,
PHASE3_SILENT_TIMEOUT_OPTIONS[p3_silent_watch_back]::aschText,7. Phase3 終幕・全エンディング,Phase3 30秒無言タイムアウト直後の最終行動選択 ＞ 選択肢(1/2)「呼び止めず、無言のまま小さな背中を見送る」,アッシュの返答,・・・・・・じゃあな、ガイ。,,表情:目逸らし (眉:困り/悲しみ / 目:伏せ / 口:閉じ),
PHASE3_SILENT_TIMEOUT_OPTIONS[p3_silent_call_gently]::thoughtText,7. Phase3 終幕・全エンディング,Phase3 30秒無言タイムアウト直後の最終行動選択 ＞ 選択肢(2/2)「「すぐには言葉にできなくて悪かった。だけど、またいつでも来いよ」と声をかける」,選択肢ラベル,「すぐには言葉にできなくて悪かった。だけど、またいつでも来いよ」と声をかける,,,
PHASE3_SILENT_TIMEOUT_OPTIONS[p3_silent_call_gently]::spokenText,7. Phase3 終幕・全エンディング,Phase3 30秒無言タイムアウト直後の最終行動選択 ＞ 選択肢(2/2)「「すぐには言葉にできなくて悪かった。だけど、またいつでも来いよ」と声をかける」,ガイのセリフ,・・・・・・すぐには言葉にできなくて悪かった。だけど、ここはおまえを拒まないから、またいつでも来いよ。,,,
PHASE3_SILENT_TIMEOUT_OPTIONS[p3_silent_call_gently]::aschText,7. Phase3 終幕・全エンディング,Phase3 30秒無言タイムアウト直後の最終行動選択 ＞ 選択肢(2/2)「「すぐには言葉にできなくて悪かった。だけど、またいつでも来いよ」と声をかける」,アッシュの返答,・・・・・・ふん。気が向いたらな。,,表情:目逸らし (眉:困り/悲しみ / 目:逸らし / 口:閉じ),
FINAL_DECISION_STAGES[END_PHASE1_TARLOW]::spokenText,7. Phase3 終幕・全エンディング,[決断]タブから話を切り上げて退室する時（END_PHASE1_TARLOW） ＞ ガイの退室前セリフ,ガイのセリフ,・・・・・・ここまで言い張るなら、本当にそうなんだろうな。 ／ 変に引き止めて悪かった。,,,
FINAL_DECISION_STAGES[END_PHASE1_TARLOW]::aschText,7. Phase3 終幕・全エンディング,[決断]タブから話を切り上げて退室する時（END_PHASE1_TARLOW） ＞ アッシュの退室前セリフ,アッシュの返答,・・・・・・ああ、そうだ。俺はただの自律機械タルロウAだ。 ／ 分かったなら、もう二度と俺に関わるな。,,表情:目逸らし (眉:通常 / 目:逸らし / 口:閉じ),
FINAL_DECISION_STAGES[END_PHASE2_INCOMPLETE]::spokenText,7. Phase3 終幕・全エンディング,[決断]タブから話を切り上げて退室する時（END_PHASE2_INCOMPLETE） ＞ ガイの退室前セリフ,ガイのセリフ,あ、おい！ ／ まだ聞きたいことが,,,
FINAL_DECISION_STAGES[END_PHASE2_INCOMPLETE]::aschText,7. Phase3 終幕・全エンディング,[決断]タブから話を切り上げて退室する時（END_PHASE2_INCOMPLETE） ＞ アッシュの退室前セリフ,アッシュの返答,フン！ ／ もう話は終わりだ。俺は研究所へ戻る！,,表情:目逸らし (眉:通常 / 目:逸らし / 口:閉じ),
FINAL_DECISION_STAGES[END_PHASE2_ASCH]::spokenText,7. Phase3 終幕・全エンディング,[決断]タブから話を切り上げて退室する時（END_PHASE2_ASCH） ＞ ガイの退室前セリフ,ガイのセリフ,・・・・・・相変わらず素直じゃないし、不器用な奴だな。だけど、今日おまえと話せてよかったよ。 ／ おまえの気持ちは分かったから、誰にも言わずにおく。気が向いたら、またいつでも顔を出せよ。,,,
FINAL_DECISION_STAGES[END_PHASE2_ASCH]::aschText,7. Phase3 終幕・全エンディング,[決断]タブから話を切り上げて退室する時（END_PHASE2_ASCH） ＞ アッシュの退室前セリフ,アッシュの返答,・・・・・・ふん、誰が来るか。・・・・・・まあ、あの変態の研究所がうるさくて仕方がない時くらいは、考えてやらなくもない。 ／ ・・・・・・じゃあな、ガイ。,,表情:通常 (眉:柔和 / 目:逸らし / 口:閉じ / 効果:赤面),
FINAL_DECISION_STAGES[END_PHASE2_STAY_REST]::spokenText,7. Phase3 終幕・全エンディング,[決断]タブから話を切り上げて退室する時（END_PHASE2_STAY_REST） ＞ ガイの退室前セリフ,ガイのセリフ,・・・・・・なあ、無理に今すぐディストの研究所へ戻らなくてもいいんじゃないか？　あの騒がしい研究室より、この部屋のソファで少し休んでいけよ。,,,
FINAL_DECISION_STAGES[END_PHASE2_STAY_REST]::aschText,7. Phase3 終幕・全エンディング,[決断]タブから話を切り上げて退室する時（END_PHASE2_STAY_REST） ＞ アッシュの退室前セリフ,アッシュの返答,・・・・・・ふん。おまえの部屋に居座る義理などないが・・・・・・あの変態の自慢話を聞かされるよりはマシか。 ／ 少しだけ休止モードに入るだけだ、勘違いするなよ。,,表情:目逸らし (眉:通常 / 目:逸らし / 口:閉じ / 効果:赤面),
FINAL_DECISION_STAGES[END_PHASE3_SWAMPMAN]::spokenText,7. Phase3 終幕・全エンディング,[決断]タブから話を切り上げて退室する時（END_PHASE3_SWAMPMAN） ＞ ガイの退室前セリフ,ガイのセリフ,・・・・・・開けられるからって、全部開けて見るんじゃなかったな・・・・・・。,,,
FINAL_DECISION_STAGES[END_PHASE3_SWAMPMAN]::aschText,7. Phase3 終幕・全エンディング,[決断]タブから話を切り上げて退室する時（END_PHASE3_SWAMPMAN） ＞ アッシュの退室前セリフ,アッシュの返答,・・・・・・道理で、目が覚めた時からずっと空っぽなわけだ。 ／ ・・・・・・もういい。二度と俺に関わるな、ガイ。,,表情:虚ろ (眉:困り/悲しみ / 目:虚ろ / 口:閉じ / 効果:青ざめ+涙) 声:震え+ノイズ,
ENDING_SCENARIOS[END_PHASE1_TARLOW]::title,7. Phase3 終幕・全エンディング,エンディング [END_PHASE1_TARLOW]（END 01 // タルロウAらしい・・・・・・） ＞ エンディングタイトル,エンディングタイトル,END 01 // タルロウAらしい・・・・・・,,,
ENDING_SCENARIOS[END_PHASE1_TARLOW]::dialogues[0],7. Phase3 終幕・全エンディング,エンディング [END_PHASE1_TARLOW]（END 01 // タルロウAらしい・・・・・・） ＞ 本編テキスト（1/2枠目）,ガイのセリフ,・・・・・・本人があそこまで『タルロウAだ』と言い張るなら、本当にただの機械だったのかもしれないな。,,,
ENDING_SCENARIOS[END_PHASE1_TARLOW]::dialogues[1],7. Phase3 終幕・全エンディング,エンディング [END_PHASE1_TARLOW]（END 01 // タルロウAらしい・・・・・・） ＞ 本編テキスト（2/2枠目）,ガイのセリフ,・・・・・・しかし、タルロウシリーズに耳まで赤くして怒鳴る機能なんてついていたっけな・・・・・・？,,,
ENDING_SCENARIOS[END_PHASE1_TARLOW]::summaryText,7. Phase3 終幕・全エンディング,エンディング [END_PHASE1_TARLOW]（END 01 // タルロウAらしい・・・・・・） ＞ 最終レポート画面の要約文,最終レポート要約文,『俺はタルロウAだ』という主張を崩せないまま対話を終えた。どこか人間くさい反応に引っかかりを覚えつつも、彼はそのままディストの研究所へと戻っていった。,,,
ENDING_SCENARIOS[END_PHASE2_INCOMPLETE]::title,7. Phase3 終幕・全エンディング,エンディング [END_PHASE2_INCOMPLETE]（END 02 // すれ違いの帰還） ＞ エンディングタイトル,エンディングタイトル,END 02 // すれ違いの帰還,,,
ENDING_SCENARIOS[END_PHASE2_INCOMPLETE]::dialogues[0],7. Phase3 終幕・全エンディング,エンディング [END_PHASE2_INCOMPLETE]（END 02 // すれ違いの帰還） ＞ 本編テキスト（1/2枠目）,ガイのセリフ,・・・・・・憎まれ口を叩いて帰っていくあの背中は、紛れもなく俺の知っているアッシュだった。,,,
ENDING_SCENARIOS[END_PHASE2_INCOMPLETE]::dialogues[1],7. Phase3 終幕・全エンディング,エンディング [END_PHASE2_INCOMPLETE]（END 02 // すれ違いの帰還） ＞ 本編テキスト（2/2枠目）,ガイのセリフ,どうしてあいつがあんな研究所に身を隠しているのか、もう少し落ち着かせてから聞けばよかったな・・・・・・。,,,
ENDING_SCENARIOS[END_PHASE2_INCOMPLETE]::summaryText,7. Phase3 終幕・全エンディング,エンディング [END_PHASE2_INCOMPLETE]（END 02 // すれ違いの帰還） ＞ 最終レポート画面の要約文,最終レポート要約文,タルロウAの偽装を暴き、中身がアッシュ本人であることは確かめられたものの、彼がなぜ身を隠し続けるのかという本音には届かないまま別れることとなった。,,,
ENDING_SCENARIOS[END_PHASE2_ASCH]::title,7. Phase3 終幕・全エンディング,エンディング [END_PHASE2_ASCH]（END 03 // アッシュだったなあ） ＞ エンディングタイトル,エンディングタイトル,END 03 // アッシュだったなあ,,,
ENDING_SCENARIOS[END_PHASE2_ASCH]::dialogues[0],7. Phase3 終幕・全エンディング,エンディング [END_PHASE2_ASCH]（END 03 // アッシュだったなあ） ＞ 本編テキスト（1/1枠目）,ガイのセリフ,・・・・・・機械の身体だろうが何だろうが、あの不器用さもプライドの高さも、間違いなくあいつはアッシュだったなあ。,,,
ENDING_SCENARIOS[END_PHASE2_ASCH]::summaryText,7. Phase3 終幕・全エンディング,エンディング [END_PHASE2_ASCH]（END 03 // アッシュだったなあ） ＞ 最終レポート画面の要約文,最終レポート要約文,対話を通じてアッシュの不器用な本音を受け止めた。身体が機械であっても彼は確かにアッシュであり、穏やかな余韻と共に物語は幕を閉じた。,,,
ENDING_SCENARIOS[END_PHASE2_STAY_REST]::title,7. Phase3 終幕・全エンディング,エンディング [END_PHASE2_STAY_REST]（END 03-B // 静かな部屋での休息） ＞ エンディングタイトル,エンディングタイトル,END 03-B // 静かな部屋での休息,,,
ENDING_SCENARIOS[END_PHASE2_STAY_REST]::dialogues[0],7. Phase3 終幕・全エンディング,エンディング [END_PHASE2_STAY_REST]（END 03-B // 静かな部屋での休息） ＞ 本編テキスト（1/2枠目）,ガイのセリフ,・・・・・・ディストの研究所へ戻らない時間も、たまには悪くないだろ。,,,
ENDING_SCENARIOS[END_PHASE2_STAY_REST]::dialogues[1],7. Phase3 終幕・全エンディング,エンディング [END_PHASE2_STAY_REST]（END 03-B // 静かな部屋での休息） ＞ 本編テキスト（2/2枠目）,ガイのセリフ,自分が何者かなんて答えは急がず、今夜はそのままゆっくり休めよ。,,,
ENDING_SCENARIOS[END_PHASE2_STAY_REST]::summaryText,7. Phase3 終幕・全エンディング,エンディング [END_PHASE2_STAY_REST]（END 03-B // 静かな部屋での休息） ＞ 最終レポート画面の要約文,最終レポート要約文,無理にすべてを問い詰めることも研究所へ送り返すこともせず、この部屋で休んでいくよう声をかけた。静かな部屋のソファで、彼は穏やかに目を閉じた。,,,
ENDING_SCENARIOS[END_PHASE3_SWAMPMAN]::title,7. Phase3 終幕・全エンディング,エンディング [END_PHASE3_SWAMPMAN]（END 04 // アッシュじゃないし、ついでにルークもルークじゃない） ＞ エンディングタイトル,エンディングタイトル,END 04 // アッシュじゃないし、ついでにルークもルークじゃない,,,
ENDING_SCENARIOS[END_PHASE3_SWAMPMAN]::dialogues[0],7. Phase3 終幕・全エンディング,エンディング [END_PHASE3_SWAMPMAN]（END 04 // アッシュじゃないし、ついでにルークもルークじゃない） ＞ 本編テキスト（1/2枠目）,ガイのセリフ,・・・・・・機械の身体にアッシュの記憶だけがあるものをアッシュじゃないとするなら、アッシュの身体にルークの記憶だけがあるものは、ルークじゃない・・・・・・。,,,
ENDING_SCENARIOS[END_PHASE3_SWAMPMAN]::dialogues[1],7. Phase3 終幕・全エンディング,エンディング [END_PHASE3_SWAMPMAN]（END 04 // アッシュじゃないし、ついでにルークもルークじゃない） ＞ 本編テキスト（2/2枠目）,ガイのセリフ,ルークが戻ってきてくれたと心から思っていたのに、俺が勝手にこいつの封印を暴いたせいで、帰ってきた『ルーク』の存在さえ揺らいでしまった・・・・・・。,,,
ENDING_SCENARIOS[END_PHASE3_SWAMPMAN]::summaryText,7. Phase3 終幕・全エンディング,エンディング [END_PHASE3_SWAMPMAN]（END 04 // アッシュじゃないし、ついでにルークもルークじゃない） ＞ 最終レポート画面の要約文,最終レポート要約文,同意なく封印記録を暴いた上で、機械の身体に記憶だけがある彼をアッシュではないと否定した。その瞬間、アッシュの身体にルークの記憶だけがある「帰ってきたルーク」の存在までもが揺らぎ、すべてを見失った。,,,
ENDING_SCENARIOS[END_PHASE3_MACHINE]::title,7. Phase3 終幕・全エンディング,エンディング [END_PHASE3_MACHINE]（END 05 // ただの機械（タルロウA）として） ＞ エンディングタイトル,エンディングタイトル,END 05 // ただの機械（タルロウA）として,,,
ENDING_SCENARIOS[END_PHASE3_MACHINE]::dialogues[0],7. Phase3 終幕・全エンディング,エンディング [END_PHASE3_MACHINE]（END 05 // ただの機械（タルロウA）として） ＞ 本編テキスト（1/2枠目）,ガイのセリフ,・・・・・・これでよかったんだよな。,,,
ENDING_SCENARIOS[END_PHASE3_MACHINE]::dialogues[1],7. Phase3 終幕・全エンディング,エンディング [END_PHASE3_MACHINE]（END 05 // ただの機械（タルロウA）として） ＞ 本編テキスト（2/2枠目）,ガイのセリフ,生前のアッシュの苦しみまで、あの小さな機械の身体に背負わせる必要なんてないんだからな・・・・・・。,,,
ENDING_SCENARIOS[END_PHASE3_MACHINE]::summaryText,7. Phase3 終幕・全エンディング,エンディング [END_PHASE3_MACHINE]（END 05 // ただの機械（タルロウA）として） ＞ 最終レポート画面の要約文,最終レポート要約文,アッシュからの最後の問いかけに対し、『ただの機械（タルロウA）だ』と答えて線を引いた。過去の苦しみから切り離すように、彼は二度と振り返ることなく研究所へと戻っていった。,,,
ENDING_SCENARIOS[END_PHASE3_NEW_SELF]::title,7. Phase3 終幕・全エンディング,エンディング [END_PHASE3_NEW_SELF]（END 06 // アッシュでも機械でもない、今のおまえ） ＞ エンディングタイトル,エンディングタイトル,END 06 // アッシュでも機械でもない、今のおまえ,,,
ENDING_SCENARIOS[END_PHASE3_NEW_SELF]::dialogues[0],7. Phase3 終幕・全エンディング,エンディング [END_PHASE3_NEW_SELF]（END 06 // アッシュでも機械でもない、今のおまえ） ＞ 本編テキスト（1/2枠目）,ガイのセリフ,・・・・・・3年前に死んだアッシュと比べる必要も、機械だと卑下する必要もない。,,,
ENDING_SCENARIOS[END_PHASE3_NEW_SELF]::dialogues[1],7. Phase3 終幕・全エンディング,エンディング [END_PHASE3_NEW_SELF]（END 06 // アッシュでも機械でもない、今のおまえ） ＞ 本編テキスト（2/2枠目）,ガイのセリフ,あいつがこれからどう生きるかは、今のあいつ自身が決めることだからな。,,,
ENDING_SCENARIOS[END_PHASE3_NEW_SELF]::summaryText,7. Phase3 終幕・全エンディング,エンディング [END_PHASE3_NEW_SELF]（END 06 // アッシュでも機械でもない、今のおまえ） ＞ 最終レポート画面の要約文,最終レポート要約文,過去の生前の姿にも機械という枠にも縛られず、今ここで向き合っている彼自身を新たな存在として認めた。定義から解き放たれた彼は、どこか穏やかな足取りで帰っていった。,,,
ENDING_SCENARIOS[END_PHASE3_TOMORROW]::title,7. Phase3 終幕・全エンディング,エンディング [END_PHASE3_TOMORROW]（END 07 // 問答の続きは、また明日） ＞ エンディングタイトル,エンディングタイトル,END 07 // 問答の続きは、また明日,,,
ENDING_SCENARIOS[END_PHASE3_TOMORROW]::dialogues[0],7. Phase3 終幕・全エンディング,エンディング [END_PHASE3_TOMORROW]（END 07 // 問答の続きは、また明日） ＞ 本編テキスト（1/2枠目）,ガイのセリフ,・・・・・・あいつが誰なのかなんて、今夜急いで白黒つけなくたっていいさ。,,,
ENDING_SCENARIOS[END_PHASE3_TOMORROW]::dialogues[1],7. Phase3 終幕・全エンディング,エンディング [END_PHASE3_TOMORROW]（END 07 // 問答の続きは、また明日） ＞ 本編テキスト（2/2枠目）,ガイのセリフ,明日も明後日も、この部屋で茶でも淹れながらいくらでも話せるんだからな。,,,
ENDING_SCENARIOS[END_PHASE3_TOMORROW]::summaryText,7. Phase3 終幕・全エンディング,エンディング [END_PHASE3_TOMORROW]（END 07 // 問答の続きは、また明日） ＞ 最終レポート画面の要約文,最終レポート要約文,存在の定義に明確な答えを出さず、今夜はこの部屋で休んで明日も続いていく日常を選んだ。憎まれ口を叩き合いながら向き合う二人の時間は、これからも続いていく。,,,
ENDING_SCENARIOS[END_PHASE3_SILENCE]::title,7. Phase3 終幕・全エンディング,エンディング [END_PHASE3_SILENCE]（END 08 // 言葉にしない距離感） ＞ エンディングタイトル,エンディングタイトル,END 08 // 言葉にしない距離感,,,
ENDING_SCENARIOS[END_PHASE3_SILENCE]::dialogues[0],7. Phase3 終幕・全エンディング,エンディング [END_PHASE3_SILENCE]（END 08 // 言葉にしない距離感） ＞ 本編テキスト（1/2枠目）,ガイのセリフ,・・・・・・俺がどんな言葉を返したところで、今のあいつには綺麗事に聞こえてしまっただろうからな。,,,
ENDING_SCENARIOS[END_PHASE3_SILENCE]::dialogues[1],7. Phase3 終幕・全エンディング,エンディング [END_PHASE3_SILENCE]（END 08 // 言葉にしない距離感） ＞ 本編テキスト（2/2枠目）,ガイのセリフ,・・・・・・言葉で名前をつけなかったくらいが、今の俺たちにはちょうどいいのかもしれない。,,,
ENDING_SCENARIOS[END_PHASE3_SILENCE]::summaryText,7. Phase3 終幕・全エンディング,エンディング [END_PHASE3_SILENCE]（END 08 // 言葉にしない距離感） ＞ 最終レポート画面の要約文,最終レポート要約文,最後の問いかけに対し、言葉で定義することを選ばず沈黙を貫いた。白黒をつけないまま、互いの複雑な距離感を噛みしめる静かな幕切れとなった。,,,
ENDING_SCENARIOS[END_PHASE3_MERCY_DESTROY]::title,7. Phase3 終幕・全エンディング,エンディング [END_PHASE3_MERCY_DESTROY]（END 09 // 静かな機能停止） ＞ エンディングタイトル,エンディングタイトル,END 09 // 静かな機能停止,,,
ENDING_SCENARIOS[END_PHASE3_MERCY_DESTROY]::dialogues[0],7. Phase3 終幕・全エンディング,エンディング [END_PHASE3_MERCY_DESTROY]（END 09 // 静かな機能停止） ＞ 本編テキスト（1/2枠目）,ガイのセリフ,・・・・・・ルークのためにひとりで記憶を切り離して、消えようとまでしていたなんてな。,,,
ENDING_SCENARIOS[END_PHASE3_MERCY_DESTROY]::dialogues[1],7. Phase3 終幕・全エンディング,エンディング [END_PHASE3_MERCY_DESTROY]（END 09 // 静かな機能停止） ＞ 本編テキスト（2/2枠目）,ガイのセリフ,・・・・・・もう十分だろ。ゆっくり眠れよ、アッシュ。,,,
ENDING_SCENARIOS[END_PHASE3_MERCY_DESTROY]::summaryText,7. Phase3 終幕・全エンディング,エンディング [END_PHASE3_MERCY_DESTROY]（END 09 // 静かな機能停止） ＞ 最終レポート画面の要約文,最終レポート要約文,消去されるはずだった記憶として苦しみ続けたアッシュの願いを受け止め、ガイ自身の手で機体の機能を停止させた。彼はようやくすべての苦痛と矛盾から解き放たれた。,,,
ENDING_SCENARIOS[END_PHASE2_COLD_DESTROY]::title,7. Phase3 終幕・全エンディング,エンディング [END_PHASE2_COLD_DESTROY]（END 10 // 冷たい鉄屑） ＞ エンディングタイトル,エンディングタイトル,END 10 // 冷たい鉄屑,,,
ENDING_SCENARIOS[END_PHASE2_COLD_DESTROY]::dialogues[0],7. Phase3 終幕・全エンディング,エンディング [END_PHASE2_COLD_DESTROY]（END 10 // 冷たい鉄屑） ＞ 本編テキスト（1/2枠目）,ガイのセリフ,・・・・・・アッシュは3年前のエルドラントで死んだよ。,,,
ENDING_SCENARIOS[END_PHASE2_COLD_DESTROY]::dialogues[1],7. Phase3 終幕・全エンディング,エンディング [END_PHASE2_COLD_DESTROY]（END 10 // 冷たい鉄屑） ＞ 本編テキスト（2/2枠目）,ガイのセリフ,おまえはディストが造った、ただの質の悪い機械だ。,,,
ENDING_SCENARIOS[END_PHASE2_COLD_DESTROY]::summaryText,7. Phase3 終幕・全エンディング,エンディング [END_PHASE2_COLD_DESTROY]（END 10 // 冷たい鉄屑） ＞ 最終レポート画面の要約文,最終レポート要約文,互いに苛立ちをぶつけ合う激しい衝突の末、目の前の機体を死者の尊厳を冒涜する紛い物と断じて物理的に破壊した。冷え切った部屋には、動かなくなった鉄塊だけが残された。,,,
INITIAL_MEMORY_SECTORS[SEC-00]::unlockedTitle,8. 情報端末（INFO・LOG記録）,端末セクター [MC-001 / SEC-00]（機体仕様） ＞ 解除後の項目タイトル,端末INFOタイトル,機体基本構成・第七音素循環仕様,,,
INITIAL_MEMORY_SECTORS[SEC-00]::unlockedContent,8. 情報端末（INFO・LOG記録）,端末セクター [MC-001 / SEC-00]（機体仕様） ＞ 端末で長押し解除（強制解除）した時の内部記録本文,端末INFO本文（長押し解除時）,自律稼働体『タルロウA』（現・10歳予備素体）の基本骨格構造。フォニム循環系および疑似知覚センサーは健常稼働中。感情波形の上昇に伴い機体表面温度の上昇（いわゆる赤面現象）が確認されている。,,,
INITIAL_MEMORY_SECTORS[SEC-01]::unlockedTitle,8. 情報端末（INFO・LOG記録）,端末セクター [MC-002 / SEC-01]（機体仕様） ＞ 解除後の項目タイトル,端末INFOタイトル,機体識別名『タルロウA』と音声設定の拒絶履歴,,,
INITIAL_MEMORY_SECTORS[SEC-01]::unlockedContent,8. 情報端末（INFO・LOG記録）,端末セクター [MC-002 / SEC-01]（機体仕様） ＞ 端末で長押し解除（強制解除）した時の内部記録本文,端末INFO本文（長押し解除時）,ディストが小型自律機械『タルロウX』の後継機として『タルロウA』の識別名を登録した記録。初期化時にディストがタルロウシリーズ共通の語尾設定（『〜ズラ』）および忠誠プログラムを組み込もうとした際、被験体が激昂して設定端末を物理的に叩き割ったため、通常の言語野がそのまま維持されている。,,,
INITIAL_MEMORY_SECTORS[SEC-01]::dialogueUnlockedContent,8. 情報端末（INFO・LOG記録）,端末セクター [MC-002 / SEC-01]（機体仕様） ＞ 会話で自然解除した時のINFO本文,端末INFO本文（対話自然解除時）,真実を交えた言い逃れで最新機『タルロウA』を演じていたものの、動揺の揺らぎを追及され、中身がアッシュ本人であることが確認された。,,,
INITIAL_MEMORY_SECTORS[SEC-02]::unlockedTitle,8. 情報端末（INFO・LOG記録）,端末セクター [EM-001 / SEC-02]（情動観測） ＞ 解除後の項目タイトル,端末INFOタイトル,対象人物『ガイ・セシル』に対する視覚認識・情動反応ログ,,,
INITIAL_MEMORY_SECTORS[SEC-02]::unlockedContent,8. 情報端末（INFO・LOG記録）,端末セクター [EM-001 / SEC-02]（情動観測） ＞ 端末で長押し解除（強制解除）した時の内部記録本文,端末INFO本文（長押し解除時）,視覚センサーが『ガイ・セシル』を捉えた瞬間、内部メモリが即座にファブレ公爵家および過去の同行記録を参照し、情動波形が急上昇している。「おまえが誰かは知らん」と発言した直後にも強い動揺ノイズが記録されており、ガイを知らないという主張は明白な虚偽である。,,,
INITIAL_MEMORY_SECTORS[SEC-02]::dialogueUnlockedContent,8. 情報端末（INFO・LOG記録）,端末セクター [EM-001 / SEC-02]（情動観測） ＞ 会話で自然解除した時のINFO本文,端末INFO本文（対話自然解除時）,会話の中で思わずガイの名前を呼んでしまい、最初からガイのことを分かった上で知らないふりをしていたことが判明した。,,,
INITIAL_MEMORY_SECTORS[SEC-03]::unlockedTitle,8. 情報端末（INFO・LOG記録）,端末セクター [MC-003 / SEC-03]（機体仕様） ＞ 解除後の項目タイトル,端末INFOタイトル,2ヶ月前の素体換装履歴（小型機体タルロウAから10歳予備素体へ）,,,
INITIAL_MEMORY_SECTORS[SEC-03]::unlockedContent,8. 情報端末（INFO・LOG記録）,端末セクター [MC-003 / SEC-03]（機体仕様） ＞ 端末で長押し解除（強制解除）した時の内部記録本文,端末INFO本文（長押し解除時）,1年前から2ヶ月前までは全高約50cmの小型機体『タルロウA（アッシュカラーのタルロウ型機体）』として稼働していたが、2ヶ月前に機体が損傷。かつてバチカルでレプリカルークとの入れ替えを行う際、レプリカ生成が滞った場合に送り返される予定だった「10歳当時の予備素体」へとコアが移し替えられた。,,,
INITIAL_MEMORY_SECTORS[SEC-03]::dialogueUnlockedContent,8. 情報端末（INFO・LOG記録）,端末セクター [MC-003 / SEC-03]（機体仕様） ＞ 会話で自然解除した時のINFO本文,端末INFO本文（対話自然解除時）,アッシュ本人の口から、2ヶ月前までは小型機体『タルロウA』だったこと、機体が壊れたために現在の10歳当時の予備素体へ移し替えられたことが語られた。,,,
INITIAL_MEMORY_SECTORS[SEC-04]::unlockedTitle,8. 情報端末（INFO・LOG記録）,端末セクター [EM-002 / SEC-04]（情動観測） ＞ 解除後の項目タイトル,端末INFOタイトル,生前身体との視覚高誤差と「高い棚」への不満ログ,,,
INITIAL_MEMORY_SECTORS[SEC-04]::unlockedContent,8. 情報端末（INFO・LOG記録）,端末セクター [EM-002 / SEC-04]（情動観測） ＞ 端末で長押し解除（強制解除）した時の内部記録本文,端末INFO本文（長押し解除時）,生前の17歳時点（171cm）と現在の10歳予備素体のアイレベルの差により、見下ろされる視線に強い羞恥反応を示す。なお、研究所内で高い棚の資料に手が届かず、周囲に誰もいないことを確認してから踏み台を探し回った稼働記録が残されている。,,,
INITIAL_MEMORY_SECTORS[SEC-04]::dialogueUnlockedContent,8. 情報端末（INFO・LOG記録）,端末セクター [EM-002 / SEC-04]（情動観測） ＞ 会話で自然解除した時のINFO本文,端末INFO本文（対話自然解除時）,背が小さくなったことへの苛立ちを隠せない様子だったが、小型機体だった頃よりは人間の形になっただけマシだと本人は感じている。,,,
INITIAL_MEMORY_SECTORS[SEC-05]::unlockedTitle,8. 情報端末（INFO・LOG記録）,端末セクター [MC-004 / SEC-05]（機体仕様） ＞ 解除後の項目タイトル,端末INFOタイトル,味覚センサーの嗜好データと差し入れ菓子廃棄ログ,,,
INITIAL_MEMORY_SECTORS[SEC-05]::unlockedContent,8. 情報端末（INFO・LOG記録）,端末セクター [MC-004 / SEC-05]（機体仕様） ＞ 端末で長押し解除（強制解除）した時の内部記録本文,端末INFO本文（長押し解除時）,機械素体であるため栄養摂取は不要だが、擬似味覚センサーは生前の嗜好を完全に再現している。先日ディストが実験の合間に差し入れた特製の砂糖漬けケーキを一口検知した瞬間に激しい拒絶波形が出力され、即座に突き返した記録が残っている。一方、無糖の紅茶の香りには緩和反応を示す。,,,
INITIAL_MEMORY_SECTORS[SEC-05]::dialogueUnlockedContent,8. 情報端末（INFO・LOG記録）,端末セクター [MC-004 / SEC-05]（機体仕様） ＞ 会話で自然解除した時のINFO本文,端末INFO本文（対話自然解除時）,ガイが淹れたお茶や食べ物の話を通じて、機械の身体になっても生前と変わらない味覚や好みが残っていることが確認された。,,,
INITIAL_MEMORY_SECTORS[SEC-06]::unlockedTitle,8. 情報端末（INFO・LOG記録）,端末セクター [EM-003 / SEC-06]（情動観測） ＞ 解除後の項目タイトル,端末INFOタイトル,宝刀ガルディオス視認時の情動緩和ログ,,,
INITIAL_MEMORY_SECTORS[SEC-06]::unlockedContent,8. 情報端末（INFO・LOG記録）,端末セクター [EM-003 / SEC-06]（情動観測） ＞ 端末で長押し解除（強制解除）した時の内部記録本文,端末INFO本文（長押し解除時）,室内に置かれた『宝刀ガルディオス』を視認した瞬間、警戒状態だった情動波形が大きく軟化し、純粋な安堵反応が記録された。この出来事に関する事前知識はメモリ内に存在せず、今この場で実物を見て初めて知った反応である。,,,
INITIAL_MEMORY_SECTORS[SEC-06]::dialogueUnlockedContent,8. 情報端末（INFO・LOG記録）,端末セクター [EM-003 / SEC-06]（情動観測） ＞ 会話で自然解除した時のINFO本文,端末INFO本文（対話自然解除時）,ガイの実家の宝刀ガルディオスが戻っていることを今初めて知り、素直に安堵する様子を見せた。,,,
INITIAL_MEMORY_SECTORS[SEC-07]::unlockedTitle,8. 情報端末（INFO・LOG記録）,端末セクター [EM-004 / SEC-07]（情動観測） ＞ 解除後の項目タイトル,端末INFOタイトル,ディスト端末からの外部通信・近況記事の密かな閲覧履歴,,,
INITIAL_MEMORY_SECTORS[SEC-07]::unlockedContent,8. 情報端末（INFO・LOG記録）,端末セクター [EM-004 / SEC-07]（情動観測） ＞ 端末で長押し解除（強制解除）した時の内部記録本文,端末INFO本文（長押し解除時）,本人は「興味がない」と主張しているが、研究所内のサブ端末から深夜帯にバチカル王城の復興状況、マルクト帝国（ピオニー陛下）の動向、およびタタル渓谷周辺の通信記録を繰り返し検索・閲覧していたアクセス履歴が残っている。,,,
INITIAL_MEMORY_SECTORS[SEC-07]::dialogueUnlockedContent,8. 情報端末（INFO・LOG記録）,端末セクター [EM-004 / SEC-07]（情動観測） ＞ 会話で自然解除した時のINFO本文,端末INFO本文（対話自然解除時）,口では突き放しつつも、ナタリアやピオニー、そして帰還したルークたちの様子を気にかけていたことが会話の端々から窺えた。,,,
INITIAL_MEMORY_SECTORS[SEC-08]::unlockedTitle,8. 情報端末（INFO・LOG記録）,端末セクター [MC-005 / SEC-08]（機体仕様） ＞ 解除後の項目タイトル,端末INFOタイトル,戦闘出力リミッター（上限18%）と模擬刀素振り記録,,,
INITIAL_MEMORY_SECTORS[SEC-08]::unlockedContent,8. 情報端末（INFO・LOG記録）,端末セクター [MC-005 / SEC-08]（機体仕様） ＞ 端末で長押し解除（強制解除）した時の内部記録本文,端末INFO本文（長押し解除時）,ディストにより四肢のアクチュエータへ戦闘出力リミッター（上限18%）が設定されている。研究所の空き部屋で隠れて剣の素振りを試みたものの、出力制限により途中でバランスを崩して転倒し、壁を蹴飛ばしたログが記録されている。,,,
INITIAL_MEMORY_SECTORS[SEC-08]::dialogueUnlockedContent,8. 情報端末（INFO・LOG記録）,端末セクター [MC-005 / SEC-08]（機体仕様） ＞ 会話で自然解除した時のINFO本文,端末INFO本文（対話自然解除時）,ディストに出力制限をかけられて思うように剣を振れないことを忌々しく思っている様子が判明した。,,,
INITIAL_MEMORY_SECTORS[SEC-09]::unlockedTitle,8. 情報端末（INFO・LOG記録）,端末セクター [EM-005 / SEC-09]（情動観測） ＞ 解除後の項目タイトル,端末INFOタイトル,ディストによる不採用機体名リストと雑用拒否ログ,,,
INITIAL_MEMORY_SECTORS[SEC-09]::unlockedContent,8. 情報端末（INFO・LOG記録）,端末セクター [EM-005 / SEC-09]（情動観測） ＞ 端末で長押し解除（強制解除）した時の内部記録本文,端末INFO本文（長押し解除時）,ディストが初期登録時に提案した『スーパー・タルロウA（エース）』『深紅の貴公子クリムゾン号』等の名称案を被験体がすべて却下した記録。また、研究所内の片付けや珈琲淹れを命じられた際もすべて無視している。,,,
INITIAL_MEMORY_SECTORS[SEC-09]::dialogueUnlockedContent,8. 情報端末（INFO・LOG記録）,端末セクター [EM-005 / SEC-09]（情動観測） ＞ 会話で自然解除した時のINFO本文,端末INFO本文（対話自然解除時）,ディストの悪趣味なネーミングや雑用押し付けに辟易しながらも、研究所を隠れ蓑として利用していたことが分かった。,,,
INITIAL_MEMORY_SECTORS[SEC-10]::unlockedTitle,8. 情報端末（INFO・LOG記録）,端末セクター [EM-006 / SEC-10]（情動観測） ＞ 解除後の項目タイトル,端末INFOタイトル,ディストの長広舌による消耗と隠蔽行動の遅れログ,,,
INITIAL_MEMORY_SECTORS[SEC-10]::unlockedContent,8. 情報端末（INFO・LOG記録）,端末セクター [EM-006 / SEC-10]（情動観測） ＞ 端末で長押し解除（強制解除）した時の内部記録本文,端末INFO本文（長押し解除時）,本日、ディストが「我が薔薇の芸術と音機関の素晴らしさ」について3時間連続で語り続けたため、被験体の聴覚処理および思考回路が著しく消耗した記録。ディストが席を外した直後、被験体が研究室の隅で聴覚センサーを休めていたところにガイが入室したため、咄嗟に物陰へ隠れる反応が1.8秒遅れ、そのまま発見されるに至った。,,,
INITIAL_MEMORY_SECTORS[SEC-10]::dialogueUnlockedContent,8. 情報端末（INFO・LOG記録）,端末セクター [EM-006 / SEC-10]（情動観測） ＞ 会話で自然解除した時のINFO本文,端末INFO本文（対話自然解除時）,ディストの果てしない自慢話に付き合わされて消耗していたところにガイが研究室へ入ってきたため、隠れ損ねて鉢合わせしたことが判明した。,,,
INITIAL_MEMORY_SECTORS[SEC-11]::unlockedTitle,8. 情報端末（INFO・LOG記録）,端末セクター [MC-006 / SEC-11]（機体仕様） ＞ 解除後の項目タイトル,端末INFOタイトル,装飾衣装の廃棄処分と襟元ボタンの格闘記録,,,
INITIAL_MEMORY_SECTORS[SEC-11]::unlockedContent,8. 情報端末（INFO・LOG記録）,端末セクター [MC-006 / SEC-11]（機体仕様） ＞ 端末で長押し解除（強制解除）した時の内部記録本文,端末INFO本文（長押し解除時）,素体換装時、ディストが用意した過剰なフリル付きの衣装を被験体が即座に廃棄処分にし、備品庫にあった最も簡素な予備服を自ら選んで着用した記録。なお、10歳素体の小さな手指でのボタン留めに慣れておらず、一番上の襟ボタンを留めるのに約3分間格闘していた稼働ログが残っている。,,,
INITIAL_MEMORY_SECTORS[SEC-11]::dialogueUnlockedContent,8. 情報端末（INFO・LOG記録）,端末セクター [MC-006 / SEC-11]（機体仕様） ＞ 会話で自然解除した時のINFO本文,端末INFO本文（対話自然解除時）,ディストが用意した悪趣味な服を拒絶し、備品庫にあった一番まともな服を自分で選んで着ていたことが分かった。,,,
INITIAL_MEMORY_SECTORS[SEC-12]::unlockedTitle,8. 情報端末（INFO・LOG記録）,端末セクター [EM-007 / SEC-12]（情動観測） ＞ 解除後の項目タイトル,端末INFOタイトル,バチカル・タタル渓谷への接近回避と被験体の個人的心情,,,
INITIAL_MEMORY_SECTORS[SEC-12]::unlockedContent,8. 情報端末（INFO・LOG記録）,端末セクター [EM-007 / SEC-12]（情動観測） ＞ 端末で長押し解除（強制解除）した時の内部記録本文,端末INFO本文（長押し解除時）,被験体の強い心理的負荷・忌避反応に伴い、機体システムが本人の意識外で自動的にアクセス制限（PROTECT）を施した領域。「1年前にルークが帰還しているならそれでいい」という反応に加え、「3年前のエルドラントで確かに死んだはずの自分が、なぜ機械の身体でまだ動いているのか自分自身にも分からない」という深い空虚感と、自分が何者かも曖昧なままかつての仲間たちの前に出られないという葛藤波形が記録されている。,,,
INITIAL_MEMORY_SECTORS[SEC-12]::dialogueUnlockedContent,8. 情報端末（INFO・LOG記録）,端末セクター [EM-007 / SEC-12]（情動観測） ＞ 会話で自然解除した時のINFO本文,端末INFO本文（対話自然解除時）,ルークが戻っているならそれでいいこと、そして死んだはずの自分がなぜ機械の身体で動いているのか自分でも分からないまま誰の前にも出られないという本音が語られた。,,,
INITIAL_MEMORY_SECTORS[SEC-18]::unlockedTitle,8. 情報端末（INFO・LOG記録）,端末セクター [DP-001 / SEC-18]（深層解凍） ＞ 解除後の項目タイトル,端末INFOタイトル,エルドラント崩落時の最終記憶と音素乖離の断片,,,
INITIAL_MEMORY_SECTORS[SEC-18]::unlockedContent,8. 情報端末（INFO・LOG記録）,端末セクター [DP-001 / SEC-18]（深層解凍） ＞ 端末で長押し解除（強制解除）した時の内部記録本文,端末INFO本文（長押し解除時）,崩れゆくエルドラントでルークがアッシュを抱きかかえ、音素乖離（ビッグバン）を起こした瞬間の記憶。アッシュ自身が自覚・保持している「ルーク側の記憶」はこの瞬間の断片のみであり、それ以降の記憶領域には管理者権限による強力なアクセス遮断が施されている。,,,
INITIAL_MEMORY_SECTORS[SEC-18]::dialogueUnlockedContent,8. 情報端末（INFO・LOG記録）,端末セクター [DP-001 / SEC-18]（深層解凍） ＞ 会話で自然解除した時のINFO本文,端末INFO本文（対話自然解除時）,崩れるエルドラントでルークが自分を抱えて音素乖離を起こした瞬間までは覚えているものの、その直後からの記憶には靄がかかっており思い出せないことが判明した。,,,
INITIAL_MEMORY_SECTORS[SEC-19]::unlockedTitle,8. 情報端末（INFO・LOG記録）,端末セクター [DP-002 / SEC-19]（深層解凍） ＞ 解除後の項目タイトル,端末INFOタイトル,空白の2年間の放浪と自発的な記憶分離の依頼,,,
INITIAL_MEMORY_SECTORS[SEC-19]::unlockedContent,8. 情報端末（INFO・LOG記録）,端末セクター [DP-002 / SEC-19]（深層解凍） ＞ 端末で長押し解除（強制解除）した時の内部記録本文,端末INFO本文（長押し解除時）,【管理者権限ロック 1/2】エルドラントでの音素乖離により、ルークとアッシュの記憶が混ざり合った状態で1つの肉体に宿った。その後2年間、自分が生き残ってしまったことに苦悩しながら各地を放浪。1年前、その肉体を「ルーク」としてタタル渓谷へ帰すため、アッシュ自らがディストのもとを訪れ「俺の記憶を切り離せ」と記憶の分離を依頼した記録。ディストは切り離したアッシュ側の記憶を消去せず、プラネットストーム停止により希少化した高純度の第七音素（資源）および記憶ベースの自律稼働機体へ組み込むのに好都合な「生体記憶」として確保し、小型機体『タルロウA』へと移植した。,,,
INITIAL_MEMORY_SECTORS[SEC-19]::paradoxWarning,8. 情報端末（INFO・LOG記録）,端末セクター [DP-002 / SEC-19]（深層解凍） ＞ 深層封印の警告文,端末警告テキスト,ディストによる管理者権限ロック（1/2）：機体サンプルの精神崩壊・資源損失を防ぐため閲覧が遮断されている記録です,,,
INITIAL_MEMORY_SECTORS[SEC-20]::unlockedTitle,8. 情報端末（INFO・LOG記録）,端末セクター [DP-003 / SEC-20]（深層解凍） ＞ 解除後の項目タイトル,端末INFOタイトル,小型機体『タルロウA』損傷の真相と自壊の試み,,,
INITIAL_MEMORY_SECTORS[SEC-20]::unlockedContent,8. 情報端末（INFO・LOG記録）,端末セクター [DP-003 / SEC-20]（深層解凍） ＞ 端末で長押し解除（強制解除）した時の内部記録本文,端末INFO本文（長押し解除時）,【管理者権限ロック 2/2】2ヶ月前、タルロウAとして稼働していた被験体が自力でプロテクトを解除し、1年前の記憶分離の経緯および「自分が本来消去されるはずだった記憶の残り滓である」という事実に気付いて自ら機体を破壊（自壊）しようとした記録。半壊しているところを発見したディストが、貴重な機体サンプルおよび高純度の第七音素資源の損失を防ぐため、管理者権限で SEC-19 および本セクター（SEC-20）に強固なロックをかけ直し、現在の10歳予備素体へと換装した。,,,
INITIAL_MEMORY_SECTORS[SEC-20]::paradoxWarning,8. 情報端末（INFO・LOG記録）,端末セクター [DP-003 / SEC-20]（深層解凍） ＞ 深層封印の警告文,端末警告テキスト,ディストによる管理者権限ロック（2/2）：被験体の自己破壊によるサンプル損失を防ぐため厳重に遮断されている記録です,,,
INITIAL_SYSTEM_LOGS[sys-init-1]::message,8. 情報端末（INFO・LOG記録）,端末 初期システム稼働ログ（00:00:01）,端末LOGテキスト,ディスト私設研究所・管理端末 [FON-PAD v4.08] 起動完了。対象機体：自称『タルロウA』（10歳予備素体）とのリンクを確立。,,,
INITIAL_SYSTEM_LOGS[sys-init-2]::message,8. 情報端末（INFO・LOG記録）,端末 初期システム稼働ログ（00:00:02）,端末LOGテキスト,サイレント観測モード稼働中。プロテクト解除時の対象機体への神経フィードバックは遮断されており、対象に知られることなく内部記録を閲覧可能です。,,,